"지역별(1)","지역별(2)","지역별(3)",상품군별(1),상품군별(2),판매유형별(1),2019.1/4,2019.2/4,2019.3/4,2019.4/4,2020.1/4,2020.2/4,2020.3/4,2020.4/4,2021.1/4,2021.2/4,2021.3/4,2021.4/4,2022.1/4,2022.2/4,2022.3/4,2022.4/4,2023.1/4,2023.2/4,2023.3/4 p)
"합계","소계","소계",합계,소계,계,1251122,1345723,1526135,1881628,1531212,1290332,1656729,1525174,1206923,1222986,1034913,926718,567581,505954,415148,353040,283913,462604,441568
"합계","소계","소계",합계,소계,면세점,1070693,1157158,1336372,1655635,1297490,1051987,1410967,1247495,972384,974415,795824,681168,363520,300602,211640,152113,111187,281235,271525
"합계","소계","소계",합계,소계,면세점 이외,180429,188565,189763,225993,233722,238345,245762,277679,234539,248571,239089,245550,204061,205352,203508,200927,172726,181369,170043
"합계","소계","소계",컴퓨터 및 주변기기,소계,계,3702,4038,3670,3827,4142,3814,7722,3589,4239,4450,3612,2707,2449,2867,2824,3028,3026,2527,3761
"합계","소계","소계",컴퓨터 및 주변기기,소계,면세점,2,0,1,70,113,0,3497,0,0,0,0,0,0,0,0,0,0,0,0
"합계","소계","소계",컴퓨터 및 주변기기,소계,면세점 이외,3700,4038,3669,3757,4029,3814,4225,3589,4239,4450,3612,2707,2449,2867,2824,3028,3026,2527,3761
"합계","소계","소계",가전·전자·통신기기,소계,계,21429,22798,25419,24180,12866,14052,14965,13136,10759,17117,12744,8514,47739,4298,3996,3996,4334,7656,5595
"합계","소계","소계",가전·전자·통신기기,소계,면세점,14072,15843,17370,15478,4999,5108,4777,5538,4171,10737,6695,4933,45424,2195,1316,826,334,1949,1569
"합계","소계","소계",가전·전자·통신기기,소계,면세점 이외,7357,6955,8049,8702,7867,8944,10188,7598,6588,6380,6049,3581,2315,2103,2680,3170,4000,5707,4026
"합계","소계","소계",가전·전자·통신기기,가전·전자,계,-,-,-,-,-,-,-,-,-,-,-,-,-,-,-,-,3115,4089,4954
"합계","소계","소계",가전·전자·통신기기,가전·전자,면세점,-,-,-,-,-,-,-,-,-,-,-,-,-,-,-,-,326,1804,1298
"합계","소계","소계",가전·전자·통신기기,가전·전자,면세점 이외,-,-,-,-,-,-,-,-,-,-,-,-,-,-,-,-,2789,2285,3656
"합계","소계","소계",가전·전자·통신기기,통신기기,계,-,-,-,-,-,-,-,-,-,-,-,-,-,-,-,-,1219,3567,641
"합계","소계","소계",가전·전자·통신기기,통신기기,면세점,-,-,-,-,-,-,-,-,-,-,-,-,-,-,-,-,8,145,271
"합계","소계","소계",가전·전자·통신기기,통신기기,면세점 이외,-,-,-,-,-,-,-,-,-,-,-,-,-,-,-,-,1211,3422,370
"합계","소계","소계",소프트웨어,소계,계,150,228,144,387,183,230,258,400,210,225,235,335,88,63,90,46,430,48,45
"합계","소계","소계",소프트웨어,소계,면세점,0,0,0,0,0,0,0,0,0,0,0,0,0,0,0,0,0,0,0
"합계","소계","소계",소프트웨어,소계,면세점 이외,150,228,144,387,183,230,258,400,210,225,235,335,88,63,90,46,430,48,45
"합계","소계","소계",서 적,소계,계,6357,6081,5727,6107,6730,6760,6775,7121,11413,9128,9299,9918,8415,9196,8720,4833,5563,2816,2998
"합계","소계","소계",서 적,소계,면세점,0,0,0,0,0,0,0,0,0,0,0,0,0,0,0,0,0,0,0
"합계","소계","소계",서 적,소계,면세점 이외,6357,6081,5727,6107,6730,6760,6775,7121,11413,9128,9299,9918,8415,9196,8720,4833,5563,2816,2998
"합계","소계","소계",사무·문구,소계,계,1603,1450,1577,1268,1622,1461,1407,1357,3159,1682,3078,1426,2035,2248,1492,2973,1451,1079,1589
"합계","소계","소계",사무·문구,소계,면세점,5,7,10,8,0,0,1,0,0,0,72,16,1,0,2,111,45,31,58
"합계","소계","소계",사무·문구,소계,면세점 이외,1598,1443,1567,1260,1622,1461,1406,1357,3159,1682,3006,1410,2034,2248,1490,2862,1406,1048,1531
"합계","소계","소계",음반·비디오·악기,소계,계,15193,23557,23784,26899,33208,45802,57462,77371,45259,49336,39827,42753,33512,50150,44072,41097,29374,47929,40025
"합계","소계","소계",음반·비디오·악기,소계,면세점,0,0,0,0,0,0,0,0,0,0,0,0,0,0,0,0,0,0,0
"합계","소계","소계",음반·비디오·악기,소계,면세점 이외,15193,23557,23784,26899,33208,45802,57462,77371,45259,49336,39827,42753,33512,50150,44072,41097,29374,47929,40025
"합계","소계","소계",의류 및 패션 관련 상품,소계,계,125969,146698,141668,151505,88543,90629,87230,100095,83236,91319,89544,101807,75954,76116,61879,82176,55579,65070,62563
"합계","소계","소계",의류 및 패션 관련 상품,소계,면세점,47046,69090,72555,74266,26073,1058,3026,8033,6190,4854,9182,7883,2497,2876,2272,4816,3268,13393,15526
"합계","소계","소계",의류 및 패션 관련 상품,소계,면세점 이외,78923,77608,69113,77239,62470,91687,84204,92062,77046,86465,80362,93924,73457,73240,59607,77360,52311,51677,47037
"합계","소계","소계",스포츠·레저용품,소계,계,4040,4258,6484,3791,4136,5294,5239,6382,4198,3769,4924,3725,2897,2001,2625,3630,2889,1801,2569
"합계","소계","소계",스포츠·레저용품,소계,면세점,4,0,0,0,0,0,0,0,0,0,0,0,0,0,0,0,0,3,3
"합계","소계","소계",스포츠·레저용품,소계,면세점 이외,4036,4258,6484,3791,4136,5294,5239,6382,4198,3769,4924,3725,2897,2001,2625,3630,2889,1798,2566
"합계","소계","소계",화장품,소계,계,1034257,1098286,1276754,1611309,1314819,1083409,1437689,1272709,995609,994735,823509,714093,357463,325040,243101,183621,146659,301477,290422
"합계","소계","소계",화장품,소계,면세점,1000553,1063855,1239233,1557171,1262739,1046875,1399059,1233379,960980,956964,779433,667209,315133,294407,206483,144713,105717,263499,251704
"합계","소계","소계",화장품,소계,면세점 이외,33704,34431,37521,54138,52080,36534,38630,39330,34629,37771,44076,46884,42330,30633,36618,38908,40942,37978,38718
"합계","소계","소계",아동·유아용품,소계,계,4514,5014,3972,5609,4257,4277,4868,4975,5186,5079,5606,4116,2891,3569,2696,2437,1969,2179,2403
"합계","소계","소계",아동·유아용품,소계,면세점,383,298,93,128,32,1,1,0,0,0,0,27,0,1,0,2,7,12,34
"합계","소계","소계",아동·유아용품,소계,면세점 이외,4131,4716,3879,5481,4225,4278,4869,4975,5186,5079,5606,4089,2891,3568,2696,2435,1962,2167,2369
"합계","소계","소계",음·식료품,소계,계,11205,9472,8986,10662,15454,3534,3132,3581,6131,7391,5660,6794,4797,5154,5314,4144,8471,5473,5818
"합계","소계","소계",음·식료품,소계,면세점,8335,7707,6859,8264,3444,1066,607,545,1043,1858,442,1100,464,1123,1567,1641,1810,2329,2543
"합계","소계","소계",음·식료품,소계,면세점 이외,2870,1765,2127,2398,12010,2468,2525,3036,5088,5533,5218,5694,4333,4031,3747,2503,6661,3144,3275
"합계","소계","소계",농축수산물,소계,계,25,39,22,40,32,40,41,37,31,25,25,16,28,23,12,6,12,11,5
"합계","소계","소계",농축수산물,소계,면세점,0,0,0,0,0,0,0,0,0,0,0,0,0,0,0,0,0,0,0
"합계","소계","소계",농축수산물,소계,면세점 이외,25,39,22,40,32,40,41,37,31,25,25,16,28,23,12,6,12,11,5
"합계","소계","소계",생활·자동차용품,소계,계,9974,10091,13179,15527,10438,9659,8340,8207,8119,9312,8647,7436,3463,3876,4365,4713,6256,4178,5107
"합계","소계","소계",생활·자동차용품,소계,면세점,105,124,114,86,51,3,1,0,0,0,0,0,1,0,0,4,6,18,69
"합계","소계","소계",생활·자동차용품,소계,면세점 이외,9869,9967,13065,15441,10387,9662,8339,8207,8119,9312,8647,7436,3462,3876,4365,4709,6250,4160,5038
"합계","소계","소계",기 타,소계,계,12704,13713,14749,20517,34782,21371,21601,26214,29374,29418,28203,23078,25850,21353,33962,16340,17900,20360,18668
"합계","소계","소계",기 타,소계,면세점,188,234,137,164,39,0,0,0,0,2,0,0,0,0,0,0,0,1,19
"합계","소계","소계",기 타,소계,면세점 이외,12516,13479,14612,20353,34743,21371,21601,26214,29374,29416,28203,23078,25850,21353,33962,16340,17900,20359,18649
"아시아","소계","소계",합계,소계,계,-,-,-,-,-,-,-,-,-,-,-,-,-,-,-,-,227265,395278,367028
"아시아","소계","소계",합계,소계,면세점,-,-,-,-,-,-,-,-,-,-,-,-,-,-,-,-,110844,280634,270235
"아시아","소계","소계",합계,소계,면세점 이외,-,-,-,-,-,-,-,-,-,-,-,-,-,-,-,-,116421,114644,96793
"아시아","소계","소계",컴퓨터 및 주변기기,소계,계,-,-,-,-,-,-,-,-,-,-,-,-,-,-,-,-,250,364,1577
"아시아","소계","소계",컴퓨터 및 주변기기,소계,면세점,-,-,-,-,-,-,-,-,-,-,-,-,-,-,-,-,0,0,0
"아시아","소계","소계",컴퓨터 및 주변기기,소계,면세점 이외,-,-,-,-,-,-,-,-,-,-,-,-,-,-,-,-,250,364,1577
"아시아","소계","소계",가전·전자·통신기기,소계,계,-,-,-,-,-,-,-,-,-,-,-,-,-,-,-,-,3785,7189,5154
"아시아","소계","소계",가전·전자·통신기기,소계,면세점,-,-,-,-,-,-,-,-,-,-,-,-,-,-,-,-,321,1933,1534
"아시아","소계","소계",가전·전자·통신기기,소계,면세점 이외,-,-,-,-,-,-,-,-,-,-,-,-,-,-,-,-,3464,5256,3620
"아시아","소계","소계",가전·전자·통신기기,가전·전자,계,-,-,-,-,-,-,-,-,-,-,-,-,-,-,-,-,2783,3877,4704
"아시아","소계","소계",가전·전자·통신기기,가전·전자,면세점,-,-,-,-,-,-,-,-,-,-,-,-,-,-,-,-,319,1788,1277
"아시아","소계","소계",가전·전자·통신기기,가전·전자,면세점 이외,-,-,-,-,-,-,-,-,-,-,-,-,-,-,-,-,2464,2089,3427
"아시아","소계","소계",가전·전자·통신기기,통신기기,계,-,-,-,-,-,-,-,-,-,-,-,-,-,-,-,-,1002,3312,450
"아시아","소계","소계",가전·전자·통신기기,통신기기,면세점,-,-,-,-,-,-,-,-,-,-,-,-,-,-,-,-,2,145,257
"아시아","소계","소계",가전·전자·통신기기,통신기기,면세점 이외,-,-,-,-,-,-,-,-,-,-,-,-,-,-,-,-,1000,3167,193
"아시아","소계","소계",소프트웨어,소계,계,-,-,-,-,-,-,-,-,-,-,-,-,-,-,-,-,172,0,0
"아시아","소계","소계",소프트웨어,소계,면세점,-,-,-,-,-,-,-,-,-,-,-,-,-,-,-,-,0,0,0
"아시아","소계","소계",소프트웨어,소계,면세점 이외,-,-,-,-,-,-,-,-,-,-,-,-,-,-,-,-,172,0,0
"아시아","소계","소계",서 적,소계,계,-,-,-,-,-,-,-,-,-,-,-,-,-,-,-,-,2452,1391,1342
"아시아","소계","소계",서 적,소계,면세점,-,-,-,-,-,-,-,-,-,-,-,-,-,-,-,-,0,0,0
"아시아","소계","소계",서 적,소계,면세점 이외,-,-,-,-,-,-,-,-,-,-,-,-,-,-,-,-,2452,1391,1342
"아시아","소계","소계",사무·문구,소계,계,-,-,-,-,-,-,-,-,-,-,-,-,-,-,-,-,965,854,1290
"아시아","소계","소계",사무·문구,소계,면세점,-,-,-,-,-,-,-,-,-,-,-,-,-,-,-,-,45,31,58
"아시아","소계","소계",사무·문구,소계,면세점 이외,-,-,-,-,-,-,-,-,-,-,-,-,-,-,-,-,920,823,1232
"아시아","소계","소계",음반·비디오·악기,소계,계,-,-,-,-,-,-,-,-,-,-,-,-,-,-,-,-,21860,33582,21745
"아시아","소계","소계",음반·비디오·악기,소계,면세점,-,-,-,-,-,-,-,-,-,-,-,-,-,-,-,-,0,0,0
"아시아","소계","소계",음반·비디오·악기,소계,면세점 이외,-,-,-,-,-,-,-,-,-,-,-,-,-,-,-,-,21860,33582,21745
"아시아","소계","소계",의류 및 패션 관련 상품,소계,계,-,-,-,-,-,-,-,-,-,-,-,-,-,-,-,-,34203,41564,39709
"아시아","소계","소계",의류 및 패션 관련 상품,소계,면세점,-,-,-,-,-,-,-,-,-,-,-,-,-,-,-,-,3213,13305,15379
"아시아","소계","소계",의류 및 패션 관련 상품,소계,면세점 이외,-,-,-,-,-,-,-,-,-,-,-,-,-,-,-,-,30990,28259,24330
"아시아","소계","소계",스포츠·레저용품,소계,계,-,-,-,-,-,-,-,-,-,-,-,-,-,-,-,-,1973,1457,2319
"아시아","소계","소계",스포츠·레저용품,소계,면세점,-,-,-,-,-,-,-,-,-,-,-,-,-,-,-,-,0,3,3
"아시아","소계","소계",스포츠·레저용품,소계,면세점 이외,-,-,-,-,-,-,-,-,-,-,-,-,-,-,-,-,1973,1454,2316
"아시아","소계","소계",화장품,소계,계,-,-,-,-,-,-,-,-,-,-,-,-,-,-,-,-,137497,287649,272754
"아시아","소계","소계",화장품,소계,면세점,-,-,-,-,-,-,-,-,-,-,-,-,-,-,-,-,105529,263114,250733
"아시아","소계","소계",화장품,소계,면세점 이외,-,-,-,-,-,-,-,-,-,-,-,-,-,-,-,-,31968,24535,22021
"아시아","소계","소계",아동·유아용품,소계,계,-,-,-,-,-,-,-,-,-,-,-,-,-,-,-,-,1393,1816,1855
"아시아","소계","소계",아동·유아용품,소계,면세점,-,-,-,-,-,-,-,-,-,-,-,-,-,-,-,-,7,12,34
"아시아","소계","소계",아동·유아용품,소계,면세점 이외,-,-,-,-,-,-,-,-,-,-,-,-,-,-,-,-,1386,1804,1821
"아시아","소계","소계",음·식료품,소계,계,-,-,-,-,-,-,-,-,-,-,-,-,-,-,-,-,6324,4625,5050
"아시아","소계","소계",음·식료품,소계,면세점,-,-,-,-,-,-,-,-,-,-,-,-,-,-,-,-,1723,2217,2406
"아시아","소계","소계",음·식료품,소계,면세점 이외,-,-,-,-,-,-,-,-,-,-,-,-,-,-,-,-,4601,2408,2644
"아시아","소계","소계",농축수산물,소계,계,-,-,-,-,-,-,-,-,-,-,-,-,-,-,-,-,1,3,2
"아시아","소계","소계",농축수산물,소계,면세점,-,-,-,-,-,-,-,-,-,-,-,-,-,-,-,-,0,0,0
"아시아","소계","소계",농축수산물,소계,면세점 이외,-,-,-,-,-,-,-,-,-,-,-,-,-,-,-,-,1,3,2
"아시아","소계","소계",생활·자동차용품,소계,계,-,-,-,-,-,-,-,-,-,-,-,-,-,-,-,-,3831,2428,3019
"아시아","소계","소계",생활·자동차용품,소계,면세점,-,-,-,-,-,-,-,-,-,-,-,-,-,-,-,-,6,18,69
"아시아","소계","소계",생활·자동차용품,소계,면세점 이외,-,-,-,-,-,-,-,-,-,-,-,-,-,-,-,-,3825,2410,2950
"아시아","소계","소계",기 타,소계,계,-,-,-,-,-,-,-,-,-,-,-,-,-,-,-,-,12559,12356,11212
"아시아","소계","소계",기 타,소계,면세점,-,-,-,-,-,-,-,-,-,-,-,-,-,-,-,-,0,1,19
"아시아","소계","소계",기 타,소계,면세점 이외,-,-,-,-,-,-,-,-,-,-,-,-,-,-,-,-,12559,12355,11193
"아시아","중국","소계",합계,소계,계,1057204,1141821,1319089,1666550,1329056,1096847,1457319,1317306,1009003,1014908,833575,730082,402616,347097,269352,189995,141933,315398,299381
"아시아","중국","소계",합계,소계,면세점,1012118,1092077,1270158,1599893,1253633,1034738,1392952,1229759,963384,964465,789774,675565,358933,292208,205569,145545,104133,272120,263404
"아시아","중국","소계",합계,소계,면세점 이외,45086,49744,48931,66657,75423,62109,64367,87547,45619,50443,43801,54517,43683,54889,63783,44450,37800,43278,35977
"아시아","중국","소계",컴퓨터 및 주변기기,소계,계,31,19,27,104,61,41,3563,67,46,49,49,52,19,26,28,99,58,65,761
"아시아","중국","소계",컴퓨터 및 주변기기,소계,면세점,2,0,1,70,0,0,3497,0,0,0,0,0,0,0,0,0,0,0,0
"아시아","중국","소계",컴퓨터 및 주변기기,소계,면세점 이외,29,19,26,34,61,41,66,67,46,49,49,52,19,26,28,99,58,65,761
"아시아","중국","소계",가전·전자·통신기기,소계,계,13657,14507,15180,12451,3096,2123,3249,5235,3479,10061,6666,4937,45470,2244,1321,797,343,1292,1416
"아시아","중국","소계",가전·전자·통신기기,소계,면세점,13347,14160,14778,11952,2653,1723,2933,5041,3257,9886,6558,4850,45306,2168,1286,764,201,1256,1292
"아시아","중국","소계",가전·전자·통신기기,소계,면세점 이외,310,347,402,499,443,400,316,194,222,175,108,87,164,76,35,33,142,36,124
"아시아","중국","소계",가전·전자·통신기기,가전·전자,계,-,-,-,-,-,-,-,-,-,-,-,-,-,-,-,-,339,1138,1058
"아시아","중국","소계",가전·전자·통신기기,가전·전자,면세점,-,-,-,-,-,-,-,-,-,-,-,-,-,-,-,-,200,1112,1035
"아시아","중국","소계",가전·전자·통신기기,가전·전자,면세점 이외,-,-,-,-,-,-,-,-,-,-,-,-,-,-,-,-,139,26,23
"아시아","중국","소계",가전·전자·통신기기,통신기기,계,-,-,-,-,-,-,-,-,-,-,-,-,-,-,-,-,4,154,358
"아시아","중국","소계",가전·전자·통신기기,통신기기,면세점,-,-,-,-,-,-,-,-,-,-,-,-,-,-,-,-,1,144,257
"아시아","중국","소계",가전·전자·통신기기,통신기기,면세점 이외,-,-,-,-,-,-,-,-,-,-,-,-,-,-,-,-,3,10,101
"아시아","중국","소계",소프트웨어,소계,계,6,1,0,0,1,2,1,0,1,0,2,0,0,0,0,0,111,0,0
"아시아","중국","소계",소프트웨어,소계,면세점,0,0,0,0,0,0,0,0,0,0,0,0,0,0,0,0,0,0,0
"아시아","중국","소계",소프트웨어,소계,면세점 이외,6,1,0,0,1,2,1,0,1,0,2,0,0,0,0,0,111,0,0
"아시아","중국","소계",서 적,소계,계,1551,1185,1100,1237,1575,1591,1829,1664,3616,3149,3324,3762,3309,4448,4600,1530,1803,931,848
"아시아","중국","소계",서 적,소계,면세점,0,0,0,0,0,0,0,0,0,0,0,0,0,0,0,0,0,0,0
"아시아","중국","소계",서 적,소계,면세점 이외,1551,1185,1100,1237,1575,1591,1829,1664,3616,3149,3324,3762,3309,4448,4600,1530,1803,931,848
"아시아","중국","소계",사무·문구,소계,계,57,54,54,51,258,76,49,21,53,54,181,63,74,213,29,188,83,53,67
"아시아","중국","소계",사무·문구,소계,면세점,5,6,10,8,0,0,1,0,0,0,72,16,1,0,0,109,45,31,58
"아시아","중국","소계",사무·문구,소계,면세점 이외,52,48,44,43,258,76,48,21,53,54,109,47,73,213,29,79,38,22,9
"아시아","중국","소계",음반·비디오·악기,소계,계,3447,9077,10470,13199,18103,26697,32589,47689,13339,18993,12679,17863,16443,27632,27817,21995,17415,22768,17158
"아시아","중국","소계",음반·비디오·악기,소계,면세점,0,0,0,0,0,0,0,0,0,0,0,0,0,0,0,0,0,0,0
"아시아","중국","소계",음반·비디오·악기,소계,면세점 이외,3447,9077,10470,13199,18103,26697,32589,47689,13339,18993,12679,17863,16443,27632,27817,21995,17415,22768,17158
"아시아","중국","소계",의류 및 패션 관련 상품,소계,계,66854,86183,85684,91546,39860,17438,20635,28413,22905,21630,22271,24964,13650,12628,9391,15098,12099,21665,22112
"아시아","중국","소계",의류 및 패션 관련 상품,소계,면세점,45109,66495,69469,71350,24617,1059,2967,6753,6132,4803,9054,7703,2211,2314,1812,4503,2936,12894,14947
"아시아","중국","소계",의류 및 패션 관련 상품,소계,면세점 이외,21745,19688,16215,20196,15243,18497,17668,21660,16773,16827,13217,17261,11439,10314,7579,10595,9163,8771,7165
"아시아","중국","소계",스포츠·레저용품,소계,계,455,450,557,542,449,1156,538,1856,347,321,317,265,202,315,297,246,197,223,267
"아시아","중국","소계",스포츠·레저용품,소계,면세점,0,0,0,0,0,0,0,0,0,0,0,0,0,0,0,0,0,3,3
"아시아","중국","소계",스포츠·레저용품,소계,면세점 이외,455,450,557,542,449,1156,538,1856,347,321,317,265,202,315,297,246,197,220,264
"아시아","중국","소계",화장품,소계,계,957638,1016852,1192079,1530072,1238820,1041605,1389271,1225659,958574,953499,782298,672670,317035,293141,208907,144590,104315,262226,250718
"아시아","중국","소계",화장품,소계,면세점,945335,1003787,1179409,1508665,1223041,1033022,1382977,1217460,952990,947953,773689,661937,311003,286697,201051,138732,99288,255812,244704
"아시아","중국","소계",화장품,소계,면세점 이외,12303,13065,12670,21407,15779,8583,6294,8199,5584,5546,8609,10733,6032,6444,7856,5858,5027,6414,6014
"아시아","중국","소계",아동·유아용품,소계,계,1376,1519,802,1262,1329,1146,1798,1359,961,878,1354,1478,659,1586,1298,757,764,1304,888
"아시아","중국","소계",아동·유아용품,소계,면세점,383,292,82,119,28,1,1,0,0,0,0,27,0,0,0,2,7,12,34
"아시아","중국","소계",아동·유아용품,소계,면세점 이외,993,1227,720,1143,1301,1147,1799,1359,961,878,1354,1451,659,1586,1298,755,757,1292,854
"아시아","중국","소계",음·식료품,소계,계,8640,7418,6427,7924,4745,1660,1840,1317,1679,2495,1039,1567,983,1556,2033,1585,2028,2302,2580
"아시아","중국","소계",음·식료품,소계,면세점,7645,6980,6160,7480,3204,1056,577,505,1005,1821,401,1032,411,1029,1420,1431,1650,2093,2278
"아시아","중국","소계",음·식료품,소계,면세점 이외,995,438,267,444,1541,604,1263,812,674,674,638,535,572,527,613,154,378,209,302
"아시아","중국","소계",농축수산물,소계,계,15,24,6,14,20,20,28,20,19,24,19,9,8,8,2,0,1,2,2
"아시아","중국","소계",농축수산물,소계,면세점,0,0,0,0,0,0,0,0,0,0,0,0,0,0,0,0,0,0,0
"아시아","중국","소계",농축수산물,소계,면세점 이외,15,24,6,14,20,20,28,20,19,24,19,9,8,8,2,0,1,2,2
"아시아","중국","소계",생활·자동차용품,소계,계,2366,3040,5619,6211,2691,2261,985,1254,1272,1085,1017,655,377,666,332,314,341,190,315
"아시아","중국","소계",생활·자동차용품,소계,면세점,105,124,112,86,51,3,1,0,0,0,0,0,1,0,0,4,6,18,69
"아시아","중국","소계",생활·자동차용품,소계,면세점 이외,2261,2916,5507,6125,2640,2264,984,1254,1272,1085,1017,655,376,666,332,310,335,172,246
"아시아","중국","소계",기 타,소계,계,1111,1492,1084,1937,18048,1031,944,2752,2712,2670,2359,1797,4387,2634,13297,2796,2375,2377,2249
"아시아","중국","소계",기 타,소계,면세점,187,233,137,163,39,0,0,0,0,2,0,0,0,0,0,0,0,1,19
"아시아","중국","소계",기 타,소계,면세점 이외,924,1259,947,1774,18009,1031,944,2752,2712,2668,2359,1797,4387,2634,13297,2796,2375,2376,2230
"아시아","일본","소계",합계,소계,계,57363,55868,57169,56146,43429,62250,63976,70242,59557,70070,71702,79288,72215,62631,60859,71499,62534,58585,44741
"아시아","일본","소계",합계,소계,면세점,7238,9138,10449,10391,2129,3860,5051,8127,41,10,11,526,356,2719,226,244,311,873,977
"아시아","일본","소계",합계,소계,면세점 이외,50125,46730,46720,45755,41300,58390,58925,62115,59516,70060,71691,78762,71859,59912,60633,71255,62223,57712,43764
"아시아","일본","소계",컴퓨터 및 주변기기,소계,계,34,28,13,63,36,43,83,31,40,26,22,14,2,1,2,10,31,148,682
"아시아","일본","소계",컴퓨터 및 주변기기,소계,면세점,0,0,0,0,0,0,0,0,0,0,0,0,0,0,0,0,0,0,0
"아시아","일본","소계",컴퓨터 및 주변기기,소계,면세점 이외,34,28,13,63,36,43,83,31,40,26,22,14,2,1,2,10,31,148,682
"아시아","일본","소계",가전·전자·통신기기,소계,계,833,703,820,440,120,63,143,92,72,33,52,31,98,14,15,33,1041,3530,302
"아시아","일본","소계",가전·전자·통신기기,소계,면세점,36,45,113,258,7,0,3,4,12,1,0,0,90,1,0,1,0,162,95
"아시아","일본","소계",가전·전자·통신기기,소계,면세점 이외,797,658,707,182,113,63,140,88,60,32,52,31,8,13,15,32,1041,3368,207
"아시아","일본","소계",가전·전자·통신기기,가전·전자,계,-,-,-,-,-,-,-,-,-,-,-,-,-,-,-,-,70,397,214
"아시아","일본","소계",가전·전자·통신기기,가전·전자,면세점,-,-,-,-,-,-,-,-,-,-,-,-,-,-,-,-,0,161,95
"아시아","일본","소계",가전·전자·통신기기,가전·전자,면세점 이외,-,-,-,-,-,-,-,-,-,-,-,-,-,-,-,-,70,236,119
"아시아","일본","소계",가전·전자·통신기기,통신기기,계,-,-,-,-,-,-,-,-,-,-,-,-,-,-,-,-,971,3133,88
"아시아","일본","소계",가전·전자·통신기기,통신기기,면세점,-,-,-,-,-,-,-,-,-,-,-,-,-,-,-,-,0,1,0
"아시아","일본","소계",가전·전자·통신기기,통신기기,면세점 이외,-,-,-,-,-,-,-,-,-,-,-,-,-,-,-,-,971,3132,88
"아시아","일본","소계",소프트웨어,소계,계,5,7,1,1,1,2,1,23,1,4,0,0,0,0,3,0,36,0,0
"아시아","일본","소계",소프트웨어,소계,면세점,0,0,0,0,0,0,0,0,0,0,0,0,0,0,0,0,0,0,0
"아시아","일본","소계",소프트웨어,소계,면세점 이외,5,7,1,1,1,2,1,23,1,4,0,0,0,0,3,0,36,0,0
"아시아","일본","소계",서 적,소계,계,73,108,191,202,134,188,333,400,690,384,440,554,550,390,337,336,413,228,214
"아시아","일본","소계",서 적,소계,면세점,0,0,0,0,0,0,0,0,0,0,0,0,0,0,0,0,0,0,0
"아시아","일본","소계",서 적,소계,면세점 이외,73,108,191,202,134,188,333,400,690,384,440,554,550,390,337,336,413,228,214
"아시아","일본","소계",사무·문구,소계,계,729,735,855,375,349,314,424,439,1056,532,813,380,733,658,460,998,277,314,345
"아시아","일본","소계",사무·문구,소계,면세점,0,0,0,0,0,0,0,0,0,0,0,0,0,0,0,0,0,0,0
"아시아","일본","소계",사무·문구,소계,면세점 이외,729,735,855,375,349,314,424,439,1056,532,813,380,733,658,460,998,277,314,345
"아시아","일본","소계",음반·비디오·악기,소계,계,2433,1632,2592,2055,2341,2829,4522,5046,3905,3575,4303,4157,3312,3512,3646,7202,2315,10196,4109
"아시아","일본","소계",음반·비디오·악기,소계,면세점,0,0,0,0,0,0,0,0,0,0,0,0,0,0,0,0,0,0,0
"아시아","일본","소계",음반·비디오·악기,소계,면세점 이외,2433,1632,2592,2055,2341,2829,4522,5046,3905,3575,4303,4157,3312,3512,3646,7202,2315,10196,4109
"아시아","일본","소계",의류 및 패션 관련 상품,소계,계,36739,35529,31897,30472,23194,33957,29967,32413,25776,31239,28172,33780,26977,25238,18788,26942,15593,12455,10655
"아시아","일본","소계",의류 및 패션 관련 상품,소계,면세점,569,808,851,871,76,3,1,1,3,1,1,3,2,20,79,77,27,126,111
"아시아","일본","소계",의류 및 패션 관련 상품,소계,면세점 이외,36170,34721,31046,29601,23118,33954,29968,32412,25773,31238,28171,33777,26975,25218,18709,26865,15566,12329,10544
"아시아","일본","소계",스포츠·레저용품,소계,계,241,185,219,133,146,69,158,273,275,117,293,517,413,140,398,661,266,168,149
"아시아","일본","소계",스포츠·레저용품,소계,면세점,0,0,0,0,0,0,0,0,0,0,0,0,0,0,0,0,0,0,0
"아시아","일본","소계",스포츠·레저용품,소계,면세점 이외,241,185,219,133,146,69,158,273,275,117,293,517,413,140,398,661,266,168,149
"아시아","일본","소계",화장품,소계,계,8327,9592,11800,13970,8154,14894,18102,20115,12446,18775,23390,23077,26928,19231,21160,23081,25982,18009,15546
"아시아","일본","소계",화장품,소계,면세점,6432,8027,9296,9028,2023,3857,5049,8121,25,7,10,522,264,2696,140,156,273,544,711
"아시아","일본","소계",화장품,소계,면세점 이외,1895,1565,2504,4942,6131,11037,13053,11994,12421,18768,23380,22555,26664,16535,21020,22925,25709,17465,14835
"아시아","일본","소계",아동·유아용품,소계,계,78,166,150,191,126,206,360,663,310,257,352,212,262,95,353,462,346,347,704
"아시아","일본","소계",아동·유아용품,소계,면세점,0,1,4,2,2,0,0,0,0,0,0,0,0,0,0,0,0,0,0
"아시아","일본","소계",아동·유아용품,소계,면세점 이외,78,165,146,189,124,206,360,663,310,257,352,212,262,95,353,462,346,347,704
"아시아","일본","소계",음·식료품,소계,계,998,755,1096,1269,1808,963,592,1358,3557,3545,3090,3551,2470,2384,1999,1467,3829,2164,2280
"아시아","일본","소계",음·식료품,소계,면세점,201,257,185,232,21,0,0,1,1,1,0,1,0,2,7,10,11,41,60
"아시아","일본","소계",음·식료품,소계,면세점 이외,797,498,911,1037,1787,963,592,1357,3556,3544,3090,3550,2470,2382,1992,1457,3818,2123,2220
"아시아","일본","소계",농축수산물,소계,계,0,6,2,10,1,0,0,1,0,0,0,0,0,0,0,0,0,1,0
"아시아","일본","소계",농축수산물,소계,면세점,0,0,0,0,0,0,0,0,0,0,0,0,0,0,0,0,0,0,0
"아시아","일본","소계",농축수산물,소계,면세점 이외,0,6,2,10,1,0,0,1,0,0,0,0,0,0,0,0,0,1,0
"아시아","일본","소계",생활·자동차용품,소계,계,1590,986,1291,1113,1561,687,825,838,1104,740,1159,2580,1503,1721,1156,1031,2387,1267,1043
"아시아","일본","소계",생활·자동차용품,소계,면세점,0,0,0,0,0,0,0,0,0,0,0,0,0,0,0,0,0,0,0
"아시아","일본","소계",생활·자동차용품,소계,면세점 이외,1590,986,1291,1113,1561,687,825,838,1104,740,1159,2580,1503,1721,1156,1031,2387,1267,1043
"아시아","일본","소계",기 타,소계,계,5283,5436,6242,5852,5458,8035,8466,8550,10325,10843,9616,10435,8967,9247,12542,9276,10018,9758,8712
"아시아","일본","소계",기 타,소계,면세점,0,0,0,0,0,0,0,0,0,0,0,0,0,0,0,0,0,0,0
"아시아","일본","소계",기 타,소계,면세점 이외,5283,5436,6242,5852,5458,8035,8466,8550,10325,10843,9616,10435,8967,9247,12542,9276,10018,9758,8712
"아시아","아세안","소계",합계,소계,계,45171,47208,52493,56756,55362,28039,30871,26846,26292,26283,26662,23677,21110,22263,24855,26610,22070,20524,20171
"아시아","아세안","소계",합계,소계,면세점,26758,28011,34115,29814,25334,2672,5894,1858,2411,2064,2419,1870,2949,2352,5497,5854,6400,7639,4163
"아시아","아세안","소계",합계,소계,면세점 이외,18413,19197,18378,26942,30028,25367,24977,24988,23881,24219,24243,21807,18161,19911,19358,20756,15670,12885,16008
"아시아","아세안","소계",컴퓨터 및 주변기기,소계,계,328,321,96,79,284,118,79,60,278,101,56,33,10,7,33,58,40,29,13
"아시아","아세안","소계",컴퓨터 및 주변기기,소계,면세점,0,0,0,0,0,0,0,0,0,0,0,0,0,0,0,0,0,0,0
"아시아","아세안","소계",컴퓨터 및 주변기기,소계,면세점 이외,328,321,96,79,284,118,79,60,278,101,56,33,10,7,33,58,40,29,13
"아시아","아세안","소계",가전·전자·통신기기,소계,계,2722,3246,3951,5162,5249,5032,4868,3162,3193,3426,2717,2138,1875,1976,2482,2909,2375,2344,3377
"아시아","아세안","소계",가전·전자·통신기기,소계,면세점,470,1093,1729,2350,1792,1790,1834,490,900,847,131,74,28,23,28,55,120,515,95
"아시아","아세안","소계",가전·전자·통신기기,소계,면세점 이외,2252,2153,2222,2812,3457,3242,3034,2672,2293,2579,2586,2064,1847,1953,2454,2854,2255,1829,3282
"아시아","아세안","소계",가전·전자·통신기기,가전·전자,계,-,-,-,-,-,-,-,-,-,-,-,-,-,-,-,-,2369,2337,3377
"아시아","아세안","소계",가전·전자·통신기기,가전·전자,면세점,-,-,-,-,-,-,-,-,-,-,-,-,-,-,-,-,119,515,95
"아시아","아세안","소계",가전·전자·통신기기,가전·전자,면세점 이외,-,-,-,-,-,-,-,-,-,-,-,-,-,-,-,-,2250,1822,3282
"아시아","아세안","소계",가전·전자·통신기기,통신기기,계,-,-,-,-,-,-,-,-,-,-,-,-,-,-,-,-,6,7,0
"아시아","아세안","소계",가전·전자·통신기기,통신기기,면세점,-,-,-,-,-,-,-,-,-,-,-,-,-,-,-,-,1,0,0
"아시아","아세안","소계",가전·전자·통신기기,통신기기,면세점 이외,-,-,-,-,-,-,-,-,-,-,-,-,-,-,-,-,5,7,0
"아시아","아세안","소계",소프트웨어,소계,계,3,4,1,0,2,1,0,0,2,0,1,0,0,0,0,0,24,0,0
"아시아","아세안","소계",소프트웨어,소계,면세점,0,0,0,0,0,0,0,0,0,0,0,0,0,0,0,0,0,0,0
"아시아","아세안","소계",소프트웨어,소계,면세점 이외,3,4,1,0,2,1,0,0,2,0,1,0,0,0,0,0,24,0,0
"아시아","아세안","소계",서 적,소계,계,1123,1209,854,1248,1121,990,876,1205,1004,1169,678,1224,522,926,447,253,215,216,263
"아시아","아세안","소계",서 적,소계,면세점,0,0,0,0,0,0,0,0,0,0,0,0,0,0,0,0,0,0,0
"아시아","아세안","소계",서 적,소계,면세점 이외,1123,1209,854,1248,1121,990,876,1205,1004,1169,678,1224,522,926,447,253,215,216,263
"아시아","아세안","소계",사무·문구,소계,계,569,546,561,698,882,891,804,702,601,672,693,561,519,714,661,775,599,486,878
"아시아","아세안","소계",사무·문구,소계,면세점,0,0,0,0,0,0,0,0,0,0,0,0,0,0,2,1,0,0,0
"아시아","아세안","소계",사무·문구,소계,면세점 이외,569,546,561,698,882,891,804,702,601,672,693,561,519,714,659,774,599,486,878
"아시아","아세안","소계",음반·비디오·악기,소계,계,1524,2546,1689,1875,2437,3436,4189,6073,7049,4490,4000,4256,2765,5277,2550,2528,2035,573,142
"아시아","아세안","소계",음반·비디오·악기,소계,면세점,0,0,0,0,0,0,0,0,0,0,0,0,0,0,0,0,0,0,0
"아시아","아세안","소계",음반·비디오·악기,소계,면세점 이외,1524,2546,1689,1875,2437,3436,4189,6073,7049,4490,4000,4256,2765,5277,2550,2528,2035,573,142
"아시아","아세안","소계",의류 및 패션 관련 상품,소계,계,6537,7278,7768,9664,9830,10862,9787,8860,7983,7131,8619,7816,8506,7493,9113,9854,6304,7174,6706
"아시아","아세안","소계",의류 및 패션 관련 상품,소계,면세점,988,1346,1868,1625,1296,13,34,30,33,35,35,76,142,219,311,174,250,285,216
"아시아","아세안","소계",의류 및 패션 관련 상품,소계,면세점 이외,5549,5932,5900,8039,8534,10875,9753,8830,7950,7096,8584,7740,8364,7274,8802,9680,6054,6889,6490
"아시아","아세안","소계",스포츠·레저용품,소계,계,1582,1454,1367,1715,2101,1922,1811,1589,1475,1498,1502,1227,1295,1152,1434,1670,1510,1063,1902
"아시아","아세안","소계",스포츠·레저용품,소계,면세점,0,0,0,0,0,0,0,0,0,0,0,0,0,0,0,0,0,0,0
"아시아","아세안","소계",스포츠·레저용품,소계,면세점 이외,1582,1454,1367,1715,2101,1922,1811,1589,1475,1498,1502,1227,1295,1152,1434,1670,1510,1063,1902
"아시아","아세안","소계",화장품,소계,계,26697,26814,33230,29680,25772,1605,5987,2303,2435,2240,3262,2795,3929,2944,5970,6271,6971,7158,4580
"아시아","아세안","소계",화장품,소계,면세점,25017,25259,30136,25505,22093,896,4018,1328,1471,1175,2235,1701,2767,2085,5106,5559,5968,6757,3810
"아시아","아세안","소계",화장품,소계,면세점 이외,1680,1555,3094,4175,3679,709,1969,975,964,1065,1027,1094,1162,859,864,712,1003,401,770
"아시아","아세안","소계",아동·유아용품,소계,계,1473,1432,860,1344,1116,786,377,419,212,1015,924,647,273,280,221,291,282,163,261
"아시아","아세안","소계",아동·유아용품,소계,면세점,0,1,3,1,0,0,0,0,0,0,0,0,0,0,0,0,0,0,0
"아시아","아세안","소계",아동·유아용품,소계,면세점 이외,1473,1431,857,1343,1116,786,377,419,212,1015,924,647,273,280,221,291,282,163,261
"아시아","아세안","소계",음·식료품,소계,계,840,609,633,680,3843,275,165,178,174,513,462,657,129,164,189,235,461,157,163
"아시아","아세안","소계",음·식료품,소계,면세점,282,312,379,333,153,1,8,10,7,7,18,19,12,25,50,65,62,82,42
"아시아","아세안","소계",음·식료품,소계,면세점 이외,558,297,254,347,3690,276,157,168,167,506,444,638,117,139,139,170,399,75,121
"아시아","아세안","소계",농축수산물,소계,계,7,7,7,12,7,4,4,2,1,0,2,1,0,0,0,0,0,0,0
"아시아","아세안","소계",농축수산물,소계,면세점,0,0,0,0,0,0,0,0,0,0,0,0,0,0,0,0,0,0,0
"아시아","아세안","소계",농축수산물,소계,면세점 이외,7,7,7,12,7,4,4,2,1,0,2,1,0,0,0,0,0,0,0
"아시아","아세안","소계",생활·자동차용품,소계,계,1383,1372,1236,1613,1853,1688,1529,1362,1297,2931,2167,1562,890,963,1443,1501,1094,966,1654
"아시아","아세안","소계",생활·자동차용품,소계,면세점,0,0,0,0,0,0,0,0,0,0,0,0,0,0,0,0,0,0,0
"아시아","아세안","소계",생활·자동차용품,소계,면세점 이외,1383,1372,1236,1613,1853,1688,1529,1362,1297,2931,2167,1562,890,963,1443,1501,1094,966,1654
"아시아","아세안","소계",기 타,소계,계,383,370,240,2986,865,429,395,931,588,1097,1579,760,397,367,312,265,160,195,232
"아시아","아세안","소계",기 타,소계,면세점,1,0,0,0,0,0,0,0,0,0,0,0,0,0,0,0,0,0,0
"아시아","아세안","소계",기 타,소계,면세점 이외,382,370,240,2986,865,429,395,931,588,1097,1579,760,397,367,312,265,160,195,232
"아시아","중동","소계",합계,소계,계,2254,2484,1835,2752,3286,2537,2880,2764,1770,1638,1705,1051,541,848,652,538,441,384,843
"아시아","중동","소계",합계,소계,면세점,0,0,0,0,0,0,0,0,0,0,0,0,0,0,0,0,0,0,1
"아시아","중동","소계",합계,소계,면세점 이외,2254,2484,1835,2752,3286,2537,2880,2764,1770,1638,1705,1051,541,848,652,538,441,384,842
"아시아","중동","소계",컴퓨터 및 주변기기,소계,계,98,96,62,79,61,107,139,81,51,90,72,24,1,5,48,24,49,32,79
"아시아","중동","소계",컴퓨터 및 주변기기,소계,면세점,0,0,0,0,0,0,0,0,0,0,0,0,0,0,0,0,0,0,0
"아시아","중동","소계",컴퓨터 및 주변기기,소계,면세점 이외,98,96,62,79,61,107,139,81,51,90,72,24,1,5,48,24,49,32,79
"아시아","중동","소계",가전·전자·통신기기,소계,계,155,155,168,356,182,190,272,195,154,92,95,54,0,1,0,0,14,4,3
"아시아","중동","소계",가전·전자·통신기기,소계,면세점,0,0,0,0,0,0,0,0,0,0,0,0,0,0,0,0,0,0,0
"아시아","중동","소계",가전·전자·통신기기,소계,면세점 이외,155,155,168,356,182,190,272,195,154,92,95,54,0,1,0,0,14,4,3
"아시아","중동","소계",가전·전자·통신기기,가전·전자,계,-,-,-,-,-,-,-,-,-,-,-,-,-,-,-,-,3,4,2
"아시아","중동","소계",가전·전자·통신기기,가전·전자,면세점,-,-,-,-,-,-,-,-,-,-,-,-,-,-,-,-,0,0,0
"아시아","중동","소계",가전·전자·통신기기,가전·전자,면세점 이외,-,-,-,-,-,-,-,-,-,-,-,-,-,-,-,-,3,4,2
"아시아","중동","소계",가전·전자·통신기기,통신기기,계,-,-,-,-,-,-,-,-,-,-,-,-,-,-,-,-,11,0,1
"아시아","중동","소계",가전·전자·통신기기,통신기기,면세점,-,-,-,-,-,-,-,-,-,-,-,-,-,-,-,-,0,0,0
"아시아","중동","소계",가전·전자·통신기기,통신기기,면세점 이외,-,-,-,-,-,-,-,-,-,-,-,-,-,-,-,-,11,0,1
"아시아","중동","소계",소프트웨어,소계,계,4,12,3,1,2,3,8,4,2,2,1,0,0,0,0,0,1,0,0
"아시아","중동","소계",소프트웨어,소계,면세점,0,0,0,0,0,0,0,0,0,0,0,0,0,0,0,0,0,0,0
"아시아","중동","소계",소프트웨어,소계,면세점 이외,4,12,3,1,2,3,8,4,2,2,1,0,0,0,0,0,1,0,0
"아시아","중동","소계",서 적,소계,계,58,81,55,100,98,11,9,21,33,25,39,45,34,52,43,16,13,15,16
"아시아","중동","소계",서 적,소계,면세점,0,0,0,0,0,0,0,0,0,0,0,0,0,0,0,0,0,0,0
"아시아","중동","소계",서 적,소계,면세점 이외,58,81,55,100,98,11,9,21,33,25,39,45,34,52,43,16,13,15,16
"아시아","중동","소계",사무·문구,소계,계,1,1,2,0,1,1,2,0,2,0,3,0,2,3,0,1,2,1,0
"아시아","중동","소계",사무·문구,소계,면세점,0,0,0,0,0,0,0,0,0,0,0,0,0,0,0,0,0,0,0
"아시아","중동","소계",사무·문구,소계,면세점 이외,1,1,2,0,1,1,2,0,2,0,3,0,2,3,0,1,2,1,0
"아시아","중동","소계",음반·비디오·악기,소계,계,206,314,227,360,496,710,870,1174,326,352,367,311,211,353,245,129,95,45,336
"아시아","중동","소계",음반·비디오·악기,소계,면세점,0,0,0,0,0,0,0,0,0,0,0,0,0,0,0,0,0,0,0
"아시아","중동","소계",음반·비디오·악기,소계,면세점 이외,206,314,227,360,496,710,870,1174,326,352,367,311,211,353,245,129,95,45,336
"아시아","중동","소계",의류 및 패션 관련 상품,소계,계,210,321,169,251,259,553,559,405,412,358,419,273,184,252,152,125,80,89,83
"아시아","중동","소계",의류 및 패션 관련 상품,소계,면세점,0,0,0,0,0,0,0,0,0,0,0,0,0,0,0,0,0,0,0
"아시아","중동","소계",의류 및 패션 관련 상품,소계,면세점 이외,210,321,169,251,259,553,559,405,412,358,419,273,184,252,152,125,80,89,83
"아시아","중동","소계",스포츠·레저용품,소계,계,49,46,34,51,47,42,59,48,35,36,35,16,2,0,0,2,0,3,0
"아시아","중동","소계",스포츠·레저용품,소계,면세점,0,0,0,0,0,0,0,0,0,0,0,0,0,0,0,0,0,0,0
"아시아","중동","소계",스포츠·레저용품,소계,면세점 이외,49,46,34,51,47,42,59,48,35,36,35,16,2,0,0,2,0,3,0
"아시아","중동","소계",화장품,소계,계,790,873,602,1134,671,534,543,469,421,376,381,216,92,159,130,200,172,166,304
"아시아","중동","소계",화장품,소계,면세점,0,0,0,0,0,0,0,0,0,0,0,0,0,0,0,0,0,0,1
"아시아","중동","소계",화장품,소계,면세점 이외,790,873,602,1134,671,534,543,469,421,376,381,216,92,159,130,200,172,166,303
"아시아","중동","소계",아동·유아용품,소계,계,35,44,32,45,35,32,28,26,24,23,20,9,1,0,0,1,0,1,2
"아시아","중동","소계",아동·유아용품,소계,면세점,0,0,0,0,0,0,0,0,0,0,0,0,0,0,0,0,0,0,0
"아시아","중동","소계",아동·유아용품,소계,면세점 이외,35,44,32,45,35,32,28,26,24,23,20,9,1,0,0,1,0,1,2
"아시아","중동","소계",음·식료품,소계,계,7,7,5,8,921,2,0,4,2,4,1,0,1,2,1,0,2,1,0
"아시아","중동","소계",음·식료품,소계,면세점,0,0,0,0,0,0,0,0,0,0,0,0,0,0,0,0,0,0,0
"아시아","중동","소계",음·식료품,소계,면세점 이외,7,7,5,8,921,2,0,4,2,4,1,0,1,2,1,0,2,1,0
"아시아","중동","소계",농축수산물,소계,계,0,0,0,0,0,0,0,0,0,0,0,0,0,0,0,0,0,0,0
"아시아","중동","소계",농축수산물,소계,면세점,0,0,0,0,0,0,0,0,0,0,0,0,0,0,0,0,0,0,0
"아시아","중동","소계",농축수산물,소계,면세점 이외,0,0,0,0,0,0,0,0,0,0,0,0,0,0,0,0,0,0,0
"아시아","중동","소계",생활·자동차용품,소계,계,532,366,399,275,379,223,245,213,191,149,135,60,2,2,3,2,7,4,7
"아시아","중동","소계",생활·자동차용품,소계,면세점,0,0,0,0,0,0,0,0,0,0,0,0,0,0,0,0,0,0,0
"아시아","중동","소계",생활·자동차용품,소계,면세점 이외,532,366,399,275,379,223,245,213,191,149,135,60,2,2,3,2,7,4,7
"아시아","중동","소계",기 타,소계,계,109,168,77,92,134,129,146,124,117,131,137,43,11,19,30,38,6,23,13
"아시아","중동","소계",기 타,소계,면세점,0,0,0,0,0,0,0,0,0,0,0,0,0,0,0,0,0,0,0
"아시아","중동","소계",기 타,소계,면세점 이외,109,168,77,92,134,129,146,124,117,131,137,43,11,19,30,38,6,23,13
"아시아","기타 아시아","소계",합계,소계,계,-,-,-,-,-,-,-,-,-,-,-,-,-,-,-,-,287,387,1892
"아시아","기타 아시아","소계",합계,소계,면세점,-,-,-,-,-,-,-,-,-,-,-,-,-,-,-,-,0,2,1690
"아시아","기타 아시아","소계",합계,소계,면세점 이외,-,-,-,-,-,-,-,-,-,-,-,-,-,-,-,-,287,385,202
"아시아","기타 아시아","소계",컴퓨터 및 주변기기,소계,계,-,-,-,-,-,-,-,-,-,-,-,-,-,-,-,-,72,90,42
"아시아","기타 아시아","소계",컴퓨터 및 주변기기,소계,면세점,-,-,-,-,-,-,-,-,-,-,-,-,-,-,-,-,0,0,0
"아시아","기타 아시아","소계",컴퓨터 및 주변기기,소계,면세점 이외,-,-,-,-,-,-,-,-,-,-,-,-,-,-,-,-,72,90,42
"아시아","기타 아시아","소계",가전·전자·통신기기,소계,계,-,-,-,-,-,-,-,-,-,-,-,-,-,-,-,-,12,19,56
"아시아","기타 아시아","소계",가전·전자·통신기기,소계,면세점,-,-,-,-,-,-,-,-,-,-,-,-,-,-,-,-,0,0,52
"아시아","기타 아시아","소계",가전·전자·통신기기,소계,면세점 이외,-,-,-,-,-,-,-,-,-,-,-,-,-,-,-,-,12,19,4
"아시아","기타 아시아","소계",가전·전자·통신기기,가전·전자,계,-,-,-,-,-,-,-,-,-,-,-,-,-,-,-,-,2,1,53
"아시아","기타 아시아","소계",가전·전자·통신기기,가전·전자,면세점,-,-,-,-,-,-,-,-,-,-,-,-,-,-,-,-,0,0,52
"아시아","기타 아시아","소계",가전·전자·통신기기,가전·전자,면세점 이외,-,-,-,-,-,-,-,-,-,-,-,-,-,-,-,-,2,1,1
"아시아","기타 아시아","소계",가전·전자·통신기기,통신기기,계,-,-,-,-,-,-,-,-,-,-,-,-,-,-,-,-,10,18,3
"아시아","기타 아시아","소계",가전·전자·통신기기,통신기기,면세점,-,-,-,-,-,-,-,-,-,-,-,-,-,-,-,-,0,0,0
"아시아","기타 아시아","소계",가전·전자·통신기기,통신기기,면세점 이외,-,-,-,-,-,-,-,-,-,-,-,-,-,-,-,-,10,18,3
"아시아","기타 아시아","소계",소프트웨어,소계,계,-,-,-,-,-,-,-,-,-,-,-,-,-,-,-,-,0,0,0
"아시아","기타 아시아","소계",소프트웨어,소계,면세점,-,-,-,-,-,-,-,-,-,-,-,-,-,-,-,-,0,0,0
"아시아","기타 아시아","소계",소프트웨어,소계,면세점 이외,-,-,-,-,-,-,-,-,-,-,-,-,-,-,-,-,0,0,0
"아시아","기타 아시아","소계",서 적,소계,계,-,-,-,-,-,-,-,-,-,-,-,-,-,-,-,-,8,1,1
"아시아","기타 아시아","소계",서 적,소계,면세점,-,-,-,-,-,-,-,-,-,-,-,-,-,-,-,-,0,0,0
"아시아","기타 아시아","소계",서 적,소계,면세점 이외,-,-,-,-,-,-,-,-,-,-,-,-,-,-,-,-,8,1,1
"아시아","기타 아시아","소계",사무·문구,소계,계,-,-,-,-,-,-,-,-,-,-,-,-,-,-,-,-,4,0,0
"아시아","기타 아시아","소계",사무·문구,소계,면세점,-,-,-,-,-,-,-,-,-,-,-,-,-,-,-,-,0,0,0
"아시아","기타 아시아","소계",사무·문구,소계,면세점 이외,-,-,-,-,-,-,-,-,-,-,-,-,-,-,-,-,4,0,0
"아시아","기타 아시아","소계",음반·비디오·악기,소계,계,-,-,-,-,-,-,-,-,-,-,-,-,-,-,-,-,0,0,0
"아시아","기타 아시아","소계",음반·비디오·악기,소계,면세점,-,-,-,-,-,-,-,-,-,-,-,-,-,-,-,-,0,0,0
"아시아","기타 아시아","소계",음반·비디오·악기,소계,면세점 이외,-,-,-,-,-,-,-,-,-,-,-,-,-,-,-,-,0,0,0
"아시아","기타 아시아","소계",의류 및 패션 관련 상품,소계,계,-,-,-,-,-,-,-,-,-,-,-,-,-,-,-,-,127,181,153
"아시아","기타 아시아","소계",의류 및 패션 관련 상품,소계,면세점,-,-,-,-,-,-,-,-,-,-,-,-,-,-,-,-,0,0,105
"아시아","기타 아시아","소계",의류 및 패션 관련 상품,소계,면세점 이외,-,-,-,-,-,-,-,-,-,-,-,-,-,-,-,-,127,181,48
"아시아","기타 아시아","소계",스포츠·레저용품,소계,계,-,-,-,-,-,-,-,-,-,-,-,-,-,-,-,-,0,0,1
"아시아","기타 아시아","소계",스포츠·레저용품,소계,면세점,-,-,-,-,-,-,-,-,-,-,-,-,-,-,-,-,0,0,0
"아시아","기타 아시아","소계",스포츠·레저용품,소계,면세점 이외,-,-,-,-,-,-,-,-,-,-,-,-,-,-,-,-,0,0,1
"아시아","기타 아시아","소계",화장품,소계,계,-,-,-,-,-,-,-,-,-,-,-,-,-,-,-,-,57,90,1606
"아시아","기타 아시아","소계",화장품,소계,면세점,-,-,-,-,-,-,-,-,-,-,-,-,-,-,-,-,0,1,1507
"아시아","기타 아시아","소계",화장품,소계,면세점 이외,-,-,-,-,-,-,-,-,-,-,-,-,-,-,-,-,57,89,99
"아시아","기타 아시아","소계",아동·유아용품,소계,계,-,-,-,-,-,-,-,-,-,-,-,-,-,-,-,-,1,1,0
"아시아","기타 아시아","소계",아동·유아용품,소계,면세점,-,-,-,-,-,-,-,-,-,-,-,-,-,-,-,-,0,0,0
"아시아","기타 아시아","소계",아동·유아용품,소계,면세점 이외,-,-,-,-,-,-,-,-,-,-,-,-,-,-,-,-,1,1,0
"아시아","기타 아시아","소계",음·식료품,소계,계,-,-,-,-,-,-,-,-,-,-,-,-,-,-,-,-,4,1,27
"아시아","기타 아시아","소계",음·식료품,소계,면세점,-,-,-,-,-,-,-,-,-,-,-,-,-,-,-,-,0,1,26
"아시아","기타 아시아","소계",음·식료품,소계,면세점 이외,-,-,-,-,-,-,-,-,-,-,-,-,-,-,-,-,4,0,1
"아시아","기타 아시아","소계",농축수산물,소계,계,-,-,-,-,-,-,-,-,-,-,-,-,-,-,-,-,0,0,0
"아시아","기타 아시아","소계",농축수산물,소계,면세점,-,-,-,-,-,-,-,-,-,-,-,-,-,-,-,-,0,0,0
"아시아","기타 아시아","소계",농축수산물,소계,면세점 이외,-,-,-,-,-,-,-,-,-,-,-,-,-,-,-,-,0,0,0
"아시아","기타 아시아","소계",생활·자동차용품,소계,계,-,-,-,-,-,-,-,-,-,-,-,-,-,-,-,-,2,1,0
"아시아","기타 아시아","소계",생활·자동차용품,소계,면세점,-,-,-,-,-,-,-,-,-,-,-,-,-,-,-,-,0,0,0
"아시아","기타 아시아","소계",생활·자동차용품,소계,면세점 이외,-,-,-,-,-,-,-,-,-,-,-,-,-,-,-,-,2,1,0
"아시아","기타 아시아","소계",기 타,소계,계,-,-,-,-,-,-,-,-,-,-,-,-,-,-,-,-,0,3,6
"아시아","기타 아시아","소계",기 타,소계,면세점,-,-,-,-,-,-,-,-,-,-,-,-,-,-,-,-,0,0,0
"아시아","기타 아시아","소계",기 타,소계,면세점 이외,-,-,-,-,-,-,-,-,-,-,-,-,-,-,-,-,0,3,6
"북미","소계","소계",합계,소계,계,-,-,-,-,-,-,-,-,-,-,-,-,-,-,-,-,49601,57281,57949
"북미","소계","소계",합계,소계,면세점,-,-,-,-,-,-,-,-,-,-,-,-,-,-,-,-,239,374,1118
"북미","소계","소계",합계,소계,면세점 이외,-,-,-,-,-,-,-,-,-,-,-,-,-,-,-,-,49362,56907,56831
"북미","소계","소계",컴퓨터 및 주변기기,소계,계,-,-,-,-,-,-,-,-,-,-,-,-,-,-,-,-,782,843,614
"북미","소계","소계",컴퓨터 및 주변기기,소계,면세점,-,-,-,-,-,-,-,-,-,-,-,-,-,-,-,-,0,0,0
"북미","소계","소계",컴퓨터 및 주변기기,소계,면세점 이외,-,-,-,-,-,-,-,-,-,-,-,-,-,-,-,-,782,843,614
"북미","소계","소계",가전·전자·통신기기,소계,계,-,-,-,-,-,-,-,-,-,-,-,-,-,-,-,-,410,281,238
"북미","소계","소계",가전·전자·통신기기,소계,면세점,-,-,-,-,-,-,-,-,-,-,-,-,-,-,-,-,7,15,29
"북미","소계","소계",가전·전자·통신기기,소계,면세점 이외,-,-,-,-,-,-,-,-,-,-,-,-,-,-,-,-,403,266,209
"북미","소계","소계",가전·전자·통신기기,가전·전자,계,-,-,-,-,-,-,-,-,-,-,-,-,-,-,-,-,279,151,202
"북미","소계","소계",가전·전자·통신기기,가전·전자,면세점,-,-,-,-,-,-,-,-,-,-,-,-,-,-,-,-,7,15,15
"북미","소계","소계",가전·전자·통신기기,가전·전자,면세점 이외,-,-,-,-,-,-,-,-,-,-,-,-,-,-,-,-,272,136,187
"북미","소계","소계",가전·전자·통신기기,통신기기,계,-,-,-,-,-,-,-,-,-,-,-,-,-,-,-,-,131,130,36
"북미","소계","소계",가전·전자·통신기기,통신기기,면세점,-,-,-,-,-,-,-,-,-,-,-,-,-,-,-,-,0,0,14
"북미","소계","소계",가전·전자·통신기기,통신기기,면세점 이외,-,-,-,-,-,-,-,-,-,-,-,-,-,-,-,-,131,130,22
"북미","소계","소계",소프트웨어,소계,계,-,-,-,-,-,-,-,-,-,-,-,-,-,-,-,-,242,48,45
"북미","소계","소계",소프트웨어,소계,면세점,-,-,-,-,-,-,-,-,-,-,-,-,-,-,-,-,0,0,0
"북미","소계","소계",소프트웨어,소계,면세점 이외,-,-,-,-,-,-,-,-,-,-,-,-,-,-,-,-,242,48,45
"북미","소계","소계",서 적,소계,계,-,-,-,-,-,-,-,-,-,-,-,-,-,-,-,-,2805,1131,1227
"북미","소계","소계",서 적,소계,면세점,-,-,-,-,-,-,-,-,-,-,-,-,-,-,-,-,0,0,0
"북미","소계","소계",서 적,소계,면세점 이외,-,-,-,-,-,-,-,-,-,-,-,-,-,-,-,-,2805,1131,1227
"북미","소계","소계",사무·문구,소계,계,-,-,-,-,-,-,-,-,-,-,-,-,-,-,-,-,449,214,284
"북미","소계","소계",사무·문구,소계,면세점,-,-,-,-,-,-,-,-,-,-,-,-,-,-,-,-,0,0,0
"북미","소계","소계",사무·문구,소계,면세점 이외,-,-,-,-,-,-,-,-,-,-,-,-,-,-,-,-,449,214,284
"북미","소계","소계",음반·비디오·악기,소계,계,-,-,-,-,-,-,-,-,-,-,-,-,-,-,-,-,6364,9770,7295
"북미","소계","소계",음반·비디오·악기,소계,면세점,-,-,-,-,-,-,-,-,-,-,-,-,-,-,-,-,0,0,0
"북미","소계","소계",음반·비디오·악기,소계,면세점 이외,-,-,-,-,-,-,-,-,-,-,-,-,-,-,-,-,6364,9770,7295
"북미","소계","소계",의류 및 패션 관련 상품,소계,계,-,-,-,-,-,-,-,-,-,-,-,-,-,-,-,-,19545,21176,20839
"북미","소계","소계",의류 및 패션 관련 상품,소계,면세점,-,-,-,-,-,-,-,-,-,-,-,-,-,-,-,-,26,50,100
"북미","소계","소계",의류 및 패션 관련 상품,소계,면세점 이외,-,-,-,-,-,-,-,-,-,-,-,-,-,-,-,-,19519,21126,20739
"북미","소계","소계",스포츠·레저용품,소계,계,-,-,-,-,-,-,-,-,-,-,-,-,-,-,-,-,293,310,230
"북미","소계","소계",스포츠·레저용품,소계,면세점,-,-,-,-,-,-,-,-,-,-,-,-,-,-,-,-,0,0,0
"북미","소계","소계",스포츠·레저용품,소계,면세점 이외,-,-,-,-,-,-,-,-,-,-,-,-,-,-,-,-,293,310,230
"북미","소계","소계",화장품,소계,계,-,-,-,-,-,-,-,-,-,-,-,-,-,-,-,-,8587,13098,16839
"북미","소계","소계",화장품,소계,면세점,-,-,-,-,-,-,-,-,-,-,-,-,-,-,-,-,134,213,874
"북미","소계","소계",화장품,소계,면세점 이외,-,-,-,-,-,-,-,-,-,-,-,-,-,-,-,-,8453,12885,15965
"북미","소계","소계",아동·유아용품,소계,계,-,-,-,-,-,-,-,-,-,-,-,-,-,-,-,-,486,305,452
"북미","소계","소계",아동·유아용품,소계,면세점,-,-,-,-,-,-,-,-,-,-,-,-,-,-,-,-,0,0,0
"북미","소계","소계",아동·유아용품,소계,면세점 이외,-,-,-,-,-,-,-,-,-,-,-,-,-,-,-,-,486,305,452
"북미","소계","소계",음·식료품,소계,계,-,-,-,-,-,-,-,-,-,-,-,-,-,-,-,-,2087,800,732
"북미","소계","소계",음·식료품,소계,면세점,-,-,-,-,-,-,-,-,-,-,-,-,-,-,-,-,72,96,115
"북미","소계","소계",음·식료품,소계,면세점 이외,-,-,-,-,-,-,-,-,-,-,-,-,-,-,-,-,2015,704,617
"북미","소계","소계",농축수산물,소계,계,-,-,-,-,-,-,-,-,-,-,-,-,-,-,-,-,11,8,3
"북미","소계","소계",농축수산물,소계,면세점,-,-,-,-,-,-,-,-,-,-,-,-,-,-,-,-,0,0,0
"북미","소계","소계",농축수산물,소계,면세점 이외,-,-,-,-,-,-,-,-,-,-,-,-,-,-,-,-,11,8,3
"북미","소계","소계",생활·자동차용품,소계,계,-,-,-,-,-,-,-,-,-,-,-,-,-,-,-,-,2337,1703,2017
"북미","소계","소계",생활·자동차용품,소계,면세점,-,-,-,-,-,-,-,-,-,-,-,-,-,-,-,-,0,0,0
"북미","소계","소계",생활·자동차용품,소계,면세점 이외,-,-,-,-,-,-,-,-,-,-,-,-,-,-,-,-,2337,1703,2017
"북미","소계","소계",기 타,소계,계,-,-,-,-,-,-,-,-,-,-,-,-,-,-,-,-,5203,7594,7134
"북미","소계","소계",기 타,소계,면세점,-,-,-,-,-,-,-,-,-,-,-,-,-,-,-,-,0,0,0
"북미","소계","소계",기 타,소계,면세점 이외,-,-,-,-,-,-,-,-,-,-,-,-,-,-,-,-,5203,7594,7134
"북미","미국","소계",합계,소계,계,40985,44973,55512,54054,49162,66097,67920,73390,72577,70460,69519,67036,51399,52364,48214,53332,47993,56027,56745
"북미","미국","소계",합계,소계,면세점,2657,2951,1818,1481,698,339,81,67,56,1742,107,108,127,220,222,363,222,362,1084
"북미","미국","소계",합계,소계,면세점 이외,38328,42022,53694,52573,48464,65758,67839,73323,72521,68718,69412,66928,51272,52144,47992,52969,47771,55665,55661
"북미","미국","소계",컴퓨터 및 주변기기,소계,계,1298,1408,1653,1383,1182,1631,1871,1373,1644,2118,1535,731,655,685,754,917,741,724,581
"북미","미국","소계",컴퓨터 및 주변기기,소계,면세점,0,0,0,0,0,0,0,0,0,0,0,0,0,0,0,0,0,0,0
"북미","미국","소계",컴퓨터 및 주변기기,소계,면세점 이외,1298,1408,1653,1383,1182,1631,1871,1373,1644,2118,1535,731,655,685,754,917,741,724,581
"북미","미국","소계",가전·전자·통신기기,소계,계,1845,1837,3166,1787,1830,2824,3292,2177,1924,1976,1657,699,207,41,162,245,381,272,215
"북미","미국","소계",가전·전자·통신기기,소계,면세점,66,116,107,49,12,2,5,1,1,3,5,1,0,3,1,5,6,14,16
"북미","미국","소계",가전·전자·통신기기,소계,면세점 이외,1779,1721,3059,1738,1818,2822,3287,2176,1923,1973,1652,698,207,38,161,240,375,258,199
"북미","미국","소계",가전·전자·통신기기,가전·전자,계,-,-,-,-,-,-,-,-,-,-,-,-,-,-,-,-,269,147,194
"북미","미국","소계",가전·전자·통신기기,가전·전자,면세점,-,-,-,-,-,-,-,-,-,-,-,-,-,-,-,-,6,14,15
"북미","미국","소계",가전·전자·통신기기,가전·전자,면세점 이외,-,-,-,-,-,-,-,-,-,-,-,-,-,-,-,-,263,133,179
"북미","미국","소계",가전·전자·통신기기,통신기기,계,-,-,-,-,-,-,-,-,-,-,-,-,-,-,-,-,112,125,21
"북미","미국","소계",가전·전자·통신기기,통신기기,면세점,-,-,-,-,-,-,-,-,-,-,-,-,-,-,-,-,0,0,1
"북미","미국","소계",가전·전자·통신기기,통신기기,면세점 이외,-,-,-,-,-,-,-,-,-,-,-,-,-,-,-,-,112,125,20
"북미","미국","소계",소프트웨어,소계,계,88,156,118,338,135,182,215,333,172,178,193,323,88,63,87,46,240,48,45
"북미","미국","소계",소프트웨어,소계,면세점,0,0,0,0,0,0,0,0,0,0,0,0,0,0,0,0,0,0,0
"북미","미국","소계",소프트웨어,소계,면세점 이외,88,156,118,338,135,182,215,333,172,178,193,323,88,63,87,46,240,48,45
"북미","미국","소계",서 적,소계,계,2259,1563,2596,1720,2135,2407,2583,2584,3088,2465,2655,3073,2986,2488,2723,2360,2735,1086,1178
"북미","미국","소계",서 적,소계,면세점,0,0,0,0,0,0,0,0,0,0,0,0,0,0,0,0,0,0,0
"북미","미국","소계",서 적,소계,면세점 이외,2259,1563,2596,1720,2135,2407,2583,2584,3088,2465,2655,3073,2986,2488,2723,2360,2735,1086,1178
"북미","미국","소계",사무·문구,소계,계,198,72,83,101,74,85,87,152,1409,373,1275,334,625,587,295,952,446,210,281
"북미","미국","소계",사무·문구,소계,면세점,0,0,0,0,0,0,0,0,0,0,0,0,0,0,0,1,0,0,0
"북미","미국","소계",사무·문구,소계,면세점 이외,198,72,83,101,74,85,87,152,1409,373,1275,334,625,587,295,951,446,210,281
"북미","미국","소계",음반·비디오·악기,소계,계,3857,5191,5762,4786,5258,7516,9854,10291,12041,9541,10170,10089,7316,8198,7185,6850,6050,9672,7294
"북미","미국","소계",음반·비디오·악기,소계,면세점,0,0,0,0,0,0,0,0,0,0,0,0,0,0,0,0,0,0,0
"북미","미국","소계",음반·비디오·악기,소계,면세점 이외,3857,5191,5762,4786,5258,7516,9854,10291,12041,9541,10170,10089,7316,8198,7185,6850,6050,9672,7294
"북미","미국","소계",의류 및 패션 관련 상품,소계,계,12324,13683,13368,16161,12779,23149,22002,24277,21317,24814,24861,29729,21271,24333,20933,26685,19074,20953,20366
"북미","미국","소계",의류 및 패션 관련 상품,소계,면세점,110,115,95,91,36,5,22,0,14,10,14,21,6,32,38,40,25,49,97
"북미","미국","소계",의류 및 패션 관련 상품,소계,면세점 이외,12214,13568,13273,16070,12743,23154,21980,24277,21303,24804,24847,29708,21265,24301,20895,26645,19049,20904,20269
"북미","미국","소계",스포츠·레저용품,소계,계,1152,1602,3150,864,953,1641,1791,1477,1004,1289,1819,810,304,284,397,379,287,299,221
"북미","미국","소계",스포츠·레저용품,소계,면세점,4,0,0,0,0,0,0,0,0,0,0,0,0,0,0,0,0,0,0
"북미","미국","소계",스포츠·레저용품,소계,면세점 이외,1148,1602,3150,864,953,1641,1791,1477,1004,1289,1819,810,304,284,397,379,287,299,221
"북미","미국","소계",화장품,소계,계,10817,11310,13999,13494,12471,11819,12089,14130,11859,10504,8194,9963,6699,5571,6037,8426,8233,12520,16327
"북미","미국","소계",화장품,소계,면세점,2366,2647,1550,1271,625,337,47,54,28,1707,69,51,99,133,108,212,130,208,864
"북미","미국","소계",화장품,소계,면세점 이외,8451,8663,12449,12223,11846,11482,12042,14076,11831,8797,8125,9912,6600,5438,5929,8214,8103,12312,15463
"북미","미국","소계",아동·유아용품,소계,계,815,1153,1702,1928,945,1344,1243,1402,1973,1678,1492,823,456,557,306,396,475,295,444
"북미","미국","소계",아동·유아용품,소계,면세점,0,0,0,0,0,0,0,0,0,0,0,0,0,0,0,0,0,0,0
"북미","미국","소계",아동·유아용품,소계,면세점 이외,815,1153,1702,1928,945,1344,1243,1402,1973,1678,1492,823,456,557,306,396,475,295,444
"북미","미국","소계",음·식료품,소계,계,336,313,602,424,1189,478,473,615,616,723,975,962,1033,1024,1062,820,1895,789,714
"북미","미국","소계",음·식료품,소계,면세점,111,73,64,70,25,5,7,12,13,22,19,35,22,52,75,105,61,91,107
"북미","미국","소계",음·식료품,소계,면세점 이외,225,240,538,354,1164,473,466,603,603,701,956,927,1011,972,987,715,1834,698,607
"북미","미국","소계",농축수산물,소계,계,2,2,7,2,2,12,8,11,10,1,4,5,10,15,10,6,11,8,3
"북미","미국","소계",농축수산물,소계,면세점,0,0,0,0,0,0,0,0,0,0,0,0,0,0,0,0,0,0,0
"북미","미국","소계",농축수산물,소계,면세점 이외,2,2,7,2,2,12,8,11,10,1,4,5,10,15,10,6,11,8,3
"북미","미국","소계",생활·자동차용품,소계,계,2174,2410,3409,3713,2256,3217,3028,2966,2657,2885,2773,1073,379,326,1291,1771,2254,1684,2002
"북미","미국","소계",생활·자동차용품,소계,면세점,0,0,2,0,0,0,0,0,0,0,0,0,0,0,0,0,0,0,0
"북미","미국","소계",생활·자동차용품,소계,면세점 이외,2174,2410,3407,3713,2256,3217,3028,2966,2657,2885,2773,1073,379,326,1291,1771,2254,1684,2002
"북미","미국","소계",기 타,소계,계,3820,4273,5897,7353,7953,9792,9384,11602,12863,11915,11916,8422,9370,8192,6972,3479,5171,7467,7074
"북미","미국","소계",기 타,소계,면세점,0,0,0,0,0,0,0,0,0,0,0,0,0,0,0,0,0,0,0
"북미","미국","소계",기 타,소계,면세점 이외,3820,4273,5897,7353,7953,9792,9384,11602,12863,11915,11916,8422,9370,8192,6972,3479,5171,7467,7074
"북미","캐나다","소계",합계,소계,계,-,-,-,-,-,-,-,-,-,-,-,-,-,-,-,-,1608,1254,1204
"북미","캐나다","소계",합계,소계,면세점,-,-,-,-,-,-,-,-,-,-,-,-,-,-,-,-,17,12,34
"북미","캐나다","소계",합계,소계,면세점 이외,-,-,-,-,-,-,-,-,-,-,-,-,-,-,-,-,1591,1242,1170
"북미","캐나다","소계",컴퓨터 및 주변기기,소계,계,-,-,-,-,-,-,-,-,-,-,-,-,-,-,-,-,41,119,33
"북미","캐나다","소계",컴퓨터 및 주변기기,소계,면세점,-,-,-,-,-,-,-,-,-,-,-,-,-,-,-,-,0,0,0
"북미","캐나다","소계",컴퓨터 및 주변기기,소계,면세점 이외,-,-,-,-,-,-,-,-,-,-,-,-,-,-,-,-,41,119,33
"북미","캐나다","소계",가전·전자·통신기기,소계,계,-,-,-,-,-,-,-,-,-,-,-,-,-,-,-,-,29,9,23
"북미","캐나다","소계",가전·전자·통신기기,소계,면세점,-,-,-,-,-,-,-,-,-,-,-,-,-,-,-,-,1,1,13
"북미","캐나다","소계",가전·전자·통신기기,소계,면세점 이외,-,-,-,-,-,-,-,-,-,-,-,-,-,-,-,-,28,8,10
"북미","캐나다","소계",가전·전자·통신기기,가전·전자,계,-,-,-,-,-,-,-,-,-,-,-,-,-,-,-,-,10,4,8
"북미","캐나다","소계",가전·전자·통신기기,가전·전자,면세점,-,-,-,-,-,-,-,-,-,-,-,-,-,-,-,-,1,1,0
"북미","캐나다","소계",가전·전자·통신기기,가전·전자,면세점 이외,-,-,-,-,-,-,-,-,-,-,-,-,-,-,-,-,9,3,8
"북미","캐나다","소계",가전·전자·통신기기,통신기기,계,-,-,-,-,-,-,-,-,-,-,-,-,-,-,-,-,19,5,15
"북미","캐나다","소계",가전·전자·통신기기,통신기기,면세점,-,-,-,-,-,-,-,-,-,-,-,-,-,-,-,-,0,0,13
"북미","캐나다","소계",가전·전자·통신기기,통신기기,면세점 이외,-,-,-,-,-,-,-,-,-,-,-,-,-,-,-,-,19,5,2
"북미","캐나다","소계",소프트웨어,소계,계,-,-,-,-,-,-,-,-,-,-,-,-,-,-,-,-,2,0,0
"북미","캐나다","소계",소프트웨어,소계,면세점,-,-,-,-,-,-,-,-,-,-,-,-,-,-,-,-,0,0,0
"북미","캐나다","소계",소프트웨어,소계,면세점 이외,-,-,-,-,-,-,-,-,-,-,-,-,-,-,-,-,2,0,0
"북미","캐나다","소계",서 적,소계,계,-,-,-,-,-,-,-,-,-,-,-,-,-,-,-,-,70,45,49
"북미","캐나다","소계",서 적,소계,면세점,-,-,-,-,-,-,-,-,-,-,-,-,-,-,-,-,0,0,0
"북미","캐나다","소계",서 적,소계,면세점 이외,-,-,-,-,-,-,-,-,-,-,-,-,-,-,-,-,70,45,49
"북미","캐나다","소계",사무·문구,소계,계,-,-,-,-,-,-,-,-,-,-,-,-,-,-,-,-,3,4,3
"북미","캐나다","소계",사무·문구,소계,면세점,-,-,-,-,-,-,-,-,-,-,-,-,-,-,-,-,0,0,0
"북미","캐나다","소계",사무·문구,소계,면세점 이외,-,-,-,-,-,-,-,-,-,-,-,-,-,-,-,-,3,4,3
"북미","캐나다","소계",음반·비디오·악기,소계,계,-,-,-,-,-,-,-,-,-,-,-,-,-,-,-,-,314,98,1
"북미","캐나다","소계",음반·비디오·악기,소계,면세점,-,-,-,-,-,-,-,-,-,-,-,-,-,-,-,-,0,0,0
"북미","캐나다","소계",음반·비디오·악기,소계,면세점 이외,-,-,-,-,-,-,-,-,-,-,-,-,-,-,-,-,314,98,1
"북미","캐나다","소계",의류 및 패션 관련 상품,소계,계,-,-,-,-,-,-,-,-,-,-,-,-,-,-,-,-,471,223,473
"북미","캐나다","소계",의류 및 패션 관련 상품,소계,면세점,-,-,-,-,-,-,-,-,-,-,-,-,-,-,-,-,1,1,3
"북미","캐나다","소계",의류 및 패션 관련 상품,소계,면세점 이외,-,-,-,-,-,-,-,-,-,-,-,-,-,-,-,-,470,222,470
"북미","캐나다","소계",스포츠·레저용품,소계,계,-,-,-,-,-,-,-,-,-,-,-,-,-,-,-,-,6,11,9
"북미","캐나다","소계",스포츠·레저용품,소계,면세점,-,-,-,-,-,-,-,-,-,-,-,-,-,-,-,-,0,0,0
"북미","캐나다","소계",스포츠·레저용품,소계,면세점 이외,-,-,-,-,-,-,-,-,-,-,-,-,-,-,-,-,6,11,9
"북미","캐나다","소계",화장품,소계,계,-,-,-,-,-,-,-,-,-,-,-,-,-,-,-,-,354,578,512
"북미","캐나다","소계",화장품,소계,면세점,-,-,-,-,-,-,-,-,-,-,-,-,-,-,-,-,4,5,10
"북미","캐나다","소계",화장품,소계,면세점 이외,-,-,-,-,-,-,-,-,-,-,-,-,-,-,-,-,350,573,502
"북미","캐나다","소계",아동·유아용품,소계,계,-,-,-,-,-,-,-,-,-,-,-,-,-,-,-,-,11,10,8
"북미","캐나다","소계",아동·유아용품,소계,면세점,-,-,-,-,-,-,-,-,-,-,-,-,-,-,-,-,0,0,0
"북미","캐나다","소계",아동·유아용품,소계,면세점 이외,-,-,-,-,-,-,-,-,-,-,-,-,-,-,-,-,11,10,8
"북미","캐나다","소계",음·식료품,소계,계,-,-,-,-,-,-,-,-,-,-,-,-,-,-,-,-,192,11,18
"북미","캐나다","소계",음·식료품,소계,면세점,-,-,-,-,-,-,-,-,-,-,-,-,-,-,-,-,11,5,8
"북미","캐나다","소계",음·식료품,소계,면세점 이외,-,-,-,-,-,-,-,-,-,-,-,-,-,-,-,-,181,6,10
"북미","캐나다","소계",농축수산물,소계,계,-,-,-,-,-,-,-,-,-,-,-,-,-,-,-,-,0,0,0
"북미","캐나다","소계",농축수산물,소계,면세점,-,-,-,-,-,-,-,-,-,-,-,-,-,-,-,-,0,0,0
"북미","캐나다","소계",농축수산물,소계,면세점 이외,-,-,-,-,-,-,-,-,-,-,-,-,-,-,-,-,0,0,0
"북미","캐나다","소계",생활·자동차용품,소계,계,-,-,-,-,-,-,-,-,-,-,-,-,-,-,-,-,83,19,15
"북미","캐나다","소계",생활·자동차용품,소계,면세점,-,-,-,-,-,-,-,-,-,-,-,-,-,-,-,-,0,0,0
"북미","캐나다","소계",생활·자동차용품,소계,면세점 이외,-,-,-,-,-,-,-,-,-,-,-,-,-,-,-,-,83,19,15
"북미","캐나다","소계",기 타,소계,계,-,-,-,-,-,-,-,-,-,-,-,-,-,-,-,-,32,127,60
"북미","캐나다","소계",기 타,소계,면세점,-,-,-,-,-,-,-,-,-,-,-,-,-,-,-,-,0,0,0
"북미","캐나다","소계",기 타,소계,면세점 이외,-,-,-,-,-,-,-,-,-,-,-,-,-,-,-,-,32,127,60
"유럽","소계","소계",합계,소계,계,-,-,-,-,-,-,-,-,-,-,-,-,-,-,-,-,4684,7653,13898
"유럽","소계","소계",합계,소계,면세점,-,-,-,-,-,-,-,-,-,-,-,-,-,-,-,-,88,216,160
"유럽","소계","소계",합계,소계,면세점 이외,-,-,-,-,-,-,-,-,-,-,-,-,-,-,-,-,4596,7437,13738
"유럽","소계","소계",컴퓨터 및 주변기기,소계,계,-,-,-,-,-,-,-,-,-,-,-,-,-,-,-,-,1801,1217,1412
"유럽","소계","소계",컴퓨터 및 주변기기,소계,면세점,-,-,-,-,-,-,-,-,-,-,-,-,-,-,-,-,0,0,0
"유럽","소계","소계",컴퓨터 및 주변기기,소계,면세점 이외,-,-,-,-,-,-,-,-,-,-,-,-,-,-,-,-,1801,1217,1412
"유럽","소계","소계",가전·전자·통신기기,소계,계,-,-,-,-,-,-,-,-,-,-,-,-,-,-,-,-,69,106,172
"유럽","소계","소계",가전·전자·통신기기,소계,면세점,-,-,-,-,-,-,-,-,-,-,-,-,-,-,-,-,6,1,6
"유럽","소계","소계",가전·전자·통신기기,소계,면세점 이외,-,-,-,-,-,-,-,-,-,-,-,-,-,-,-,-,63,105,166
"유럽","소계","소계",가전·전자·통신기기,가전·전자,계,-,-,-,-,-,-,-,-,-,-,-,-,-,-,-,-,22,35,31
"유럽","소계","소계",가전·전자·통신기기,가전·전자,면세점,-,-,-,-,-,-,-,-,-,-,-,-,-,-,-,-,0,1,6
"유럽","소계","소계",가전·전자·통신기기,가전·전자,면세점 이외,-,-,-,-,-,-,-,-,-,-,-,-,-,-,-,-,22,34,25
"유럽","소계","소계",가전·전자·통신기기,통신기기,계,-,-,-,-,-,-,-,-,-,-,-,-,-,-,-,-,47,71,141
"유럽","소계","소계",가전·전자·통신기기,통신기기,면세점,-,-,-,-,-,-,-,-,-,-,-,-,-,-,-,-,6,0,0
"유럽","소계","소계",가전·전자·통신기기,통신기기,면세점 이외,-,-,-,-,-,-,-,-,-,-,-,-,-,-,-,-,41,71,141
"유럽","소계","소계",소프트웨어,소계,계,-,-,-,-,-,-,-,-,-,-,-,-,-,-,-,-,7,0,0
"유럽","소계","소계",소프트웨어,소계,면세점,-,-,-,-,-,-,-,-,-,-,-,-,-,-,-,-,0,0,0
"유럽","소계","소계",소프트웨어,소계,면세점 이외,-,-,-,-,-,-,-,-,-,-,-,-,-,-,-,-,7,0,0
"유럽","소계","소계",서 적,소계,계,-,-,-,-,-,-,-,-,-,-,-,-,-,-,-,-,151,130,240
"유럽","소계","소계",서 적,소계,면세점,-,-,-,-,-,-,-,-,-,-,-,-,-,-,-,-,0,0,0
"유럽","소계","소계",서 적,소계,면세점 이외,-,-,-,-,-,-,-,-,-,-,-,-,-,-,-,-,151,130,240
"유럽","소계","소계",사무·문구,소계,계,-,-,-,-,-,-,-,-,-,-,-,-,-,-,-,-,32,7,4
"유럽","소계","소계",사무·문구,소계,면세점,-,-,-,-,-,-,-,-,-,-,-,-,-,-,-,-,0,0,0
"유럽","소계","소계",사무·문구,소계,면세점 이외,-,-,-,-,-,-,-,-,-,-,-,-,-,-,-,-,32,7,4
"유럽","소계","소계",음반·비디오·악기,소계,계,-,-,-,-,-,-,-,-,-,-,-,-,-,-,-,-,590,3943,10054
"유럽","소계","소계",음반·비디오·악기,소계,면세점,-,-,-,-,-,-,-,-,-,-,-,-,-,-,-,-,0,0,0
"유럽","소계","소계",음반·비디오·악기,소계,면세점 이외,-,-,-,-,-,-,-,-,-,-,-,-,-,-,-,-,590,3943,10054
"유럽","소계","소계",의류 및 패션 관련 상품,소계,계,-,-,-,-,-,-,-,-,-,-,-,-,-,-,-,-,902,1232,980
"유럽","소계","소계",의류 및 패션 관련 상품,소계,면세점,-,-,-,-,-,-,-,-,-,-,-,-,-,-,-,-,25,36,46
"유럽","소계","소계",의류 및 패션 관련 상품,소계,면세점 이외,-,-,-,-,-,-,-,-,-,-,-,-,-,-,-,-,877,1196,934
"유럽","소계","소계",스포츠·레저용품,소계,계,-,-,-,-,-,-,-,-,-,-,-,-,-,-,-,-,422,21,15
"유럽","소계","소계",스포츠·레저용품,소계,면세점,-,-,-,-,-,-,-,-,-,-,-,-,-,-,-,-,0,0,0
"유럽","소계","소계",스포츠·레저용품,소계,면세점 이외,-,-,-,-,-,-,-,-,-,-,-,-,-,-,-,-,422,21,15
"유럽","소계","소계",화장품,소계,계,-,-,-,-,-,-,-,-,-,-,-,-,-,-,-,-,493,633,719
"유럽","소계","소계",화장품,소계,면세점,-,-,-,-,-,-,-,-,-,-,-,-,-,-,-,-,49,167,92
"유럽","소계","소계",화장품,소계,면세점 이외,-,-,-,-,-,-,-,-,-,-,-,-,-,-,-,-,444,466,627
"유럽","소계","소계",아동·유아용품,소계,계,-,-,-,-,-,-,-,-,-,-,-,-,-,-,-,-,54,18,76
"유럽","소계","소계",아동·유아용품,소계,면세점,-,-,-,-,-,-,-,-,-,-,-,-,-,-,-,-,0,0,0
"유럽","소계","소계",아동·유아용품,소계,면세점 이외,-,-,-,-,-,-,-,-,-,-,-,-,-,-,-,-,54,18,76
"유럽","소계","소계",음·식료품,소계,계,-,-,-,-,-,-,-,-,-,-,-,-,-,-,-,-,46,37,24
"유럽","소계","소계",음·식료품,소계,면세점,-,-,-,-,-,-,-,-,-,-,-,-,-,-,-,-,8,12,16
"유럽","소계","소계",음·식료품,소계,면세점 이외,-,-,-,-,-,-,-,-,-,-,-,-,-,-,-,-,38,25,8
"유럽","소계","소계",농축수산물,소계,계,-,-,-,-,-,-,-,-,-,-,-,-,-,-,-,-,0,0,0
"유럽","소계","소계",농축수산물,소계,면세점,-,-,-,-,-,-,-,-,-,-,-,-,-,-,-,-,0,0,0
"유럽","소계","소계",농축수산물,소계,면세점 이외,-,-,-,-,-,-,-,-,-,-,-,-,-,-,-,-,0,0,0
"유럽","소계","소계",생활·자동차용품,소계,계,-,-,-,-,-,-,-,-,-,-,-,-,-,-,-,-,28,17,43
"유럽","소계","소계",생활·자동차용품,소계,면세점,-,-,-,-,-,-,-,-,-,-,-,-,-,-,-,-,0,0,0
"유럽","소계","소계",생활·자동차용품,소계,면세점 이외,-,-,-,-,-,-,-,-,-,-,-,-,-,-,-,-,28,17,43
"유럽","소계","소계",기 타,소계,계,-,-,-,-,-,-,-,-,-,-,-,-,-,-,-,-,89,292,159
"유럽","소계","소계",기 타,소계,면세점,-,-,-,-,-,-,-,-,-,-,-,-,-,-,-,-,0,0,0
"유럽","소계","소계",기 타,소계,면세점 이외,-,-,-,-,-,-,-,-,-,-,-,-,-,-,-,-,89,292,159
"유럽","유럽연합+영국","소계",합계,소계,계,9773,10362,7342,12686,11024,9542,10080,10196,10592,9211,7252,5338,3671,5377,4257,4700,4140,6994,13229
"유럽","유럽연합+영국","소계",합계,소계,면세점,231,477,241,206,294,338,329,16,17,10,7,10,24,5,19,23,26,14,29
"유럽","유럽연합+영국","소계",합계,소계,면세점 이외,9542,9885,7101,12480,10730,9204,9751,10180,10575,9201,7245,5328,3647,5372,4238,4677,4114,6980,13200
"유럽","유럽연합+영국","소계",컴퓨터 및 주변기기,소계,계,633,715,513,617,694,334,524,358,508,281,232,244,154,299,1050,1561,1775,1164,1391
"유럽","유럽연합+영국","소계",컴퓨터 및 주변기기,소계,면세점,0,0,0,0,0,0,0,0,0,0,0,0,0,0,0,0,0,0,0
"유럽","유럽연합+영국","소계",컴퓨터 및 주변기기,소계,면세점 이외,633,715,513,617,694,334,524,358,508,281,232,244,154,299,1050,1561,1775,1164,1391
"유럽","유럽연합+영국","소계",가전·전자·통신기기,소계,계,605,589,428,2058,943,593,946,559,548,383,338,163,5,1,1,4,69,103,164
"유럽","유럽연합+영국","소계",가전·전자·통신기기,소계,면세점,2,7,5,7,1,0,0,0,0,0,0,0,0,0,0,1,6,0,0
"유럽","유럽연합+영국","소계",가전·전자·통신기기,소계,면세점 이외,603,582,423,2051,942,593,946,559,548,383,338,163,5,1,1,3,63,103,164
"유럽","유럽연합+영국","소계",가전·전자·통신기기,가전·전자,계,-,-,-,-,-,-,-,-,-,-,-,-,-,-,-,-,22,32,23
"유럽","유럽연합+영국","소계",가전·전자·통신기기,가전·전자,면세점,-,-,-,-,-,-,-,-,-,-,-,-,-,-,-,-,0,0,0
"유럽","유럽연합+영국","소계",가전·전자·통신기기,가전·전자,면세점 이외,-,-,-,-,-,-,-,-,-,-,-,-,-,-,-,-,22,32,23
"유럽","유럽연합+영국","소계",가전·전자·통신기기,통신기기,계,-,-,-,-,-,-,-,-,-,-,-,-,-,-,-,-,47,71,141
"유럽","유럽연합+영국","소계",가전·전자·통신기기,통신기기,면세점,-,-,-,-,-,-,-,-,-,-,-,-,-,-,-,-,6,0,0
"유럽","유럽연합+영국","소계",가전·전자·통신기기,통신기기,면세점 이외,-,-,-,-,-,-,-,-,-,-,-,-,-,-,-,-,41,71,141
"유럽","유럽연합+영국","소계",소프트웨어,소계,계,28,26,12,28,26,26,22,25,21,27,23,8,0,0,0,0,7,0,0
"유럽","유럽연합+영국","소계",소프트웨어,소계,면세점,0,0,0,0,0,0,0,0,0,0,0,0,0,0,0,0,0,0,0
"유럽","유럽연합+영국","소계",소프트웨어,소계,면세점 이외,28,26,12,28,26,26,22,25,21,27,23,8,0,0,0,0,7,0,0
"유럽","유럽연합+영국","소계",서 적,소계,계,59,55,48,95,72,127,150,165,261,186,224,278,201,332,234,135,148,127,230
"유럽","유럽연합+영국","소계",서 적,소계,면세점,0,0,0,0,0,0,0,0,0,0,0,0,0,0,0,0,0,0,0
"유럽","유럽연합+영국","소계",서 적,소계,면세점 이외,59,55,48,95,72,127,150,165,261,186,224,278,201,332,234,135,148,127,230
"유럽","유럽연합+영국","소계",사무·문구,소계,계,11,11,4,10,8,8,4,5,17,13,21,12,20,7,8,19,32,6,4
"유럽","유럽연합+영국","소계",사무·문구,소계,면세점,0,1,0,0,0,0,0,0,0,0,0,0,0,0,0,0,0,0,0
"유럽","유럽연합+영국","소계",사무·문구,소계,면세점 이외,11,10,4,10,8,8,4,5,17,13,21,12,20,7,8,19,32,6,4
"유럽","유럽연합+영국","소계",음반·비디오·악기,소계,계,1958,2350,1502,2697,2728,2636,2958,3770,3103,2702,2186,1640,1107,2139,1156,915,578,3921,9892
"유럽","유럽연합+영국","소계",음반·비디오·악기,소계,면세점,0,0,0,0,0,0,0,0,0,0,0,0,0,0,0,0,0,0,0
"유럽","유럽연합+영국","소계",음반·비디오·악기,소계,면세점 이외,1958,2350,1502,2697,2728,2636,2958,3770,3103,2702,2186,1640,1107,2139,1156,915,578,3921,9892
"유럽","유럽연합+영국","소계",의류 및 패션 관련 상품,소계,계,985,1054,793,862,813,1765,1276,1274,1498,1997,1323,1407,1599,2096,1223,1256,792,979,787
"유럽","유럽연합+영국","소계",의류 및 패션 관련 상품,소계,면세점,15,22,12,15,6,0,0,2,2,5,2,1,20,2,8,7,4,2,10
"유럽","유럽연합+영국","소계",의류 및 패션 관련 상품,소계,면세점 이외,970,1032,781,847,807,1765,1276,1272,1496,1992,1321,1406,1579,2094,1215,1249,788,977,777
"유럽","유럽연합+영국","소계",스포츠·레저용품,소계,계,215,192,805,212,211,192,418,476,452,201,279,362,300,15,18,298,301,18,13
"유럽","유럽연합+영국","소계",스포츠·레저용품,소계,면세점,0,0,0,0,0,0,0,0,0,0,0,0,0,0,0,0,0,0,0
"유럽","유럽연합+영국","소계",스포츠·레저용품,소계,면세점 이외,215,192,805,212,211,192,418,476,452,201,279,362,300,15,18,298,301,18,13
"유럽","유럽연합+영국","소계",화장품,소계,계,3337,3487,2105,3912,3108,1988,1867,1524,1449,1307,780,526,214,393,283,303,270,350,522
"유럽","유럽연합+영국","소계",화장품,소계,면세점,206,436,214,179,283,337,329,14,15,4,5,8,4,2,10,11,12,10,14
"유럽","유럽연합+영국","소계",화장품,소계,면세점 이외,3131,3051,1891,3733,2825,1651,1538,1510,1434,1303,775,518,210,391,273,292,258,340,508
"유럽","유럽연합+영국","소계",아동·유아용품,소계,계,329,312,195,417,367,316,284,387,587,440,393,132,7,6,5,32,14,17,20
"유럽","유럽연합+영국","소계",아동·유아용품,소계,면세점,0,0,0,0,0,0,0,0,0,0,0,0,0,0,0,0,0,0,0
"유럽","유럽연합+영국","소계",아동·유아용품,소계,면세점 이외,329,312,195,417,367,316,284,387,587,440,393,132,7,6,5,32,14,17,20
"유럽","유럽연합+영국","소계",음·식료품,소계,계,26,23,18,19,382,20,10,16,14,16,10,7,3,6,2,4,42,27,13
"유럽","유럽연합+영국","소계",음·식료품,소계,면세점,8,11,10,5,4,1,0,0,0,1,0,1,0,1,1,4,4,2,5
"유럽","유럽연합+영국","소계",음·식료품,소계,면세점 이외,18,12,8,14,378,19,10,16,14,15,10,6,3,5,1,0,38,25,8
"유럽","유럽연합+영국","소계",농축수산물,소계,계,0,0,0,0,0,0,0,0,0,0,0,0,0,0,0,0,0,0,0
"유럽","유럽연합+영국","소계",농축수산물,소계,면세점,0,0,0,0,0,0,0,0,0,0,0,0,0,0,0,0,0,0,0
"유럽","유럽연합+영국","소계",농축수산물,소계,면세점 이외,0,0,0,0,0,0,0,0,0,0,0,0,0,0,0,0,0,0,0
"유럽","유럽연합+영국","소계",생활·자동차용품,소계,계,665,622,383,845,694,632,637,597,661,586,464,198,11,8,23,11,27,12,42
"유럽","유럽연합+영국","소계",생활·자동차용품,소계,면세점,0,0,0,0,0,0,0,0,0,0,0,0,0,0,0,0,0,0,0
"유럽","유럽연합+영국","소계",생활·자동차용품,소계,면세점 이외,665,622,383,845,694,632,637,597,661,586,464,198,11,8,23,11,27,12,42
"유럽","유럽연합+영국","소계",기 타,소계,계,922,926,536,914,978,905,984,1040,1473,1072,979,361,50,75,254,162,85,270,151
"유럽","유럽연합+영국","소계",기 타,소계,면세점,0,0,0,0,0,0,0,0,0,0,0,0,0,0,0,0,0,0,0
"유럽","유럽연합+영국","소계",기 타,소계,면세점 이외,922,926,536,914,978,905,984,1040,1473,1072,979,361,50,75,254,162,85,270,151
"유럽","유럽연합+영국","유럽연합",합계,소계,계,-,-,-,-,-,-,-,-,-,-,-,-,-,-,-,-,3390,6283,12618
"유럽","유럽연합+영국","유럽연합",합계,소계,면세점,-,-,-,-,-,-,-,-,-,-,-,-,-,-,-,-,26,14,27
"유럽","유럽연합+영국","유럽연합",합계,소계,면세점 이외,-,-,-,-,-,-,-,-,-,-,-,-,-,-,-,-,3364,6269,12591
"유럽","유럽연합+영국","유럽연합",컴퓨터 및 주변기기,소계,계,-,-,-,-,-,-,-,-,-,-,-,-,-,-,-,-,1657,1092,1336
"유럽","유럽연합+영국","유럽연합",컴퓨터 및 주변기기,소계,면세점,-,-,-,-,-,-,-,-,-,-,-,-,-,-,-,-,0,0,0
"유럽","유럽연합+영국","유럽연합",컴퓨터 및 주변기기,소계,면세점 이외,-,-,-,-,-,-,-,-,-,-,-,-,-,-,-,-,1657,1092,1336
"유럽","유럽연합+영국","유럽연합",가전·전자·통신기기,소계,계,-,-,-,-,-,-,-,-,-,-,-,-,-,-,-,-,54,87,154
"유럽","유럽연합+영국","유럽연합",가전·전자·통신기기,소계,면세점,-,-,-,-,-,-,-,-,-,-,-,-,-,-,-,-,6,0,0
"유럽","유럽연합+영국","유럽연합",가전·전자·통신기기,소계,면세점 이외,-,-,-,-,-,-,-,-,-,-,-,-,-,-,-,-,48,87,154
"유럽","유럽연합+영국","유럽연합",가전·전자·통신기기,가전·전자,계,-,-,-,-,-,-,-,-,-,-,-,-,-,-,-,-,13,21,13
"유럽","유럽연합+영국","유럽연합",가전·전자·통신기기,가전·전자,면세점,-,-,-,-,-,-,-,-,-,-,-,-,-,-,-,-,0,0,0
"유럽","유럽연합+영국","유럽연합",가전·전자·통신기기,가전·전자,면세점 이외,-,-,-,-,-,-,-,-,-,-,-,-,-,-,-,-,13,21,13
"유럽","유럽연합+영국","유럽연합",가전·전자·통신기기,통신기기,계,-,-,-,-,-,-,-,-,-,-,-,-,-,-,-,-,41,66,141
"유럽","유럽연합+영국","유럽연합",가전·전자·통신기기,통신기기,면세점,-,-,-,-,-,-,-,-,-,-,-,-,-,-,-,-,6,0,0
"유럽","유럽연합+영국","유럽연합",가전·전자·통신기기,통신기기,면세점 이외,-,-,-,-,-,-,-,-,-,-,-,-,-,-,-,-,35,66,141
"유럽","유럽연합+영국","유럽연합",소프트웨어,소계,계,-,-,-,-,-,-,-,-,-,-,-,-,-,-,-,-,5,0,0
"유럽","유럽연합+영국","유럽연합",소프트웨어,소계,면세점,-,-,-,-,-,-,-,-,-,-,-,-,-,-,-,-,0,0,0
"유럽","유럽연합+영국","유럽연합",소프트웨어,소계,면세점 이외,-,-,-,-,-,-,-,-,-,-,-,-,-,-,-,-,5,0,0
"유럽","유럽연합+영국","유럽연합",서 적,소계,계,-,-,-,-,-,-,-,-,-,-,-,-,-,-,-,-,116,100,202
"유럽","유럽연합+영국","유럽연합",서 적,소계,면세점,-,-,-,-,-,-,-,-,-,-,-,-,-,-,-,-,0,0,0
"유럽","유럽연합+영국","유럽연합",서 적,소계,면세점 이외,-,-,-,-,-,-,-,-,-,-,-,-,-,-,-,-,116,100,202
"유럽","유럽연합+영국","유럽연합",사무·문구,소계,계,-,-,-,-,-,-,-,-,-,-,-,-,-,-,-,-,8,6,3
"유럽","유럽연합+영국","유럽연합",사무·문구,소계,면세점,-,-,-,-,-,-,-,-,-,-,-,-,-,-,-,-,0,0,0
"유럽","유럽연합+영국","유럽연합",사무·문구,소계,면세점 이외,-,-,-,-,-,-,-,-,-,-,-,-,-,-,-,-,8,6,3
"유럽","유럽연합+영국","유럽연합",음반·비디오·악기,소계,계,-,-,-,-,-,-,-,-,-,-,-,-,-,-,-,-,448,3900,9881
"유럽","유럽연합+영국","유럽연합",음반·비디오·악기,소계,면세점,-,-,-,-,-,-,-,-,-,-,-,-,-,-,-,-,0,0,0
"유럽","유럽연합+영국","유럽연합",음반·비디오·악기,소계,면세점 이외,-,-,-,-,-,-,-,-,-,-,-,-,-,-,-,-,448,3900,9881
"유럽","유럽연합+영국","유럽연합",의류 및 패션 관련 상품,소계,계,-,-,-,-,-,-,-,-,-,-,-,-,-,-,-,-,489,597,580
"유럽","유럽연합+영국","유럽연합",의류 및 패션 관련 상품,소계,면세점,-,-,-,-,-,-,-,-,-,-,-,-,-,-,-,-,4,2,10
"유럽","유럽연합+영국","유럽연합",의류 및 패션 관련 상품,소계,면세점 이외,-,-,-,-,-,-,-,-,-,-,-,-,-,-,-,-,485,595,570
"유럽","유럽연합+영국","유럽연합",스포츠·레저용품,소계,계,-,-,-,-,-,-,-,-,-,-,-,-,-,-,-,-,298,12,8
"유럽","유럽연합+영국","유럽연합",스포츠·레저용품,소계,면세점,-,-,-,-,-,-,-,-,-,-,-,-,-,-,-,-,0,0,0
"유럽","유럽연합+영국","유럽연합",스포츠·레저용품,소계,면세점 이외,-,-,-,-,-,-,-,-,-,-,-,-,-,-,-,-,298,12,8
"유럽","유럽연합+영국","유럽연합",화장품,소계,계,-,-,-,-,-,-,-,-,-,-,-,-,-,-,-,-,224,277,288
"유럽","유럽연합+영국","유럽연합",화장품,소계,면세점,-,-,-,-,-,-,-,-,-,-,-,-,-,-,-,-,12,10,14
"유럽","유럽연합+영국","유럽연합",화장품,소계,면세점 이외,-,-,-,-,-,-,-,-,-,-,-,-,-,-,-,-,212,267,274
"유럽","유럽연합+영국","유럽연합",아동·유아용품,소계,계,-,-,-,-,-,-,-,-,-,-,-,-,-,-,-,-,11,13,13
"유럽","유럽연합+영국","유럽연합",아동·유아용품,소계,면세점,-,-,-,-,-,-,-,-,-,-,-,-,-,-,-,-,0,0,0
"유럽","유럽연합+영국","유럽연합",아동·유아용품,소계,면세점 이외,-,-,-,-,-,-,-,-,-,-,-,-,-,-,-,-,11,13,13
"유럽","유럽연합+영국","유럽연합",음·식료품,소계,계,-,-,-,-,-,-,-,-,-,-,-,-,-,-,-,-,15,9,7
"유럽","유럽연합+영국","유럽연합",음·식료품,소계,면세점,-,-,-,-,-,-,-,-,-,-,-,-,-,-,-,-,4,2,3
"유럽","유럽연합+영국","유럽연합",음·식료품,소계,면세점 이외,-,-,-,-,-,-,-,-,-,-,-,-,-,-,-,-,11,7,4
"유럽","유럽연합+영국","유럽연합",농축수산물,소계,계,-,-,-,-,-,-,-,-,-,-,-,-,-,-,-,-,0,0,0
"유럽","유럽연합+영국","유럽연합",농축수산물,소계,면세점,-,-,-,-,-,-,-,-,-,-,-,-,-,-,-,-,0,0,0
"유럽","유럽연합+영국","유럽연합",농축수산물,소계,면세점 이외,-,-,-,-,-,-,-,-,-,-,-,-,-,-,-,-,0,0,0
"유럽","유럽연합+영국","유럽연합",생활·자동차용품,소계,계,-,-,-,-,-,-,-,-,-,-,-,-,-,-,-,-,13,7,41
"유럽","유럽연합+영국","유럽연합",생활·자동차용품,소계,면세점,-,-,-,-,-,-,-,-,-,-,-,-,-,-,-,-,0,0,0
"유럽","유럽연합+영국","유럽연합",생활·자동차용품,소계,면세점 이외,-,-,-,-,-,-,-,-,-,-,-,-,-,-,-,-,13,7,41
"유럽","유럽연합+영국","유럽연합",기 타,소계,계,-,-,-,-,-,-,-,-,-,-,-,-,-,-,-,-,52,183,105
"유럽","유럽연합+영국","유럽연합",기 타,소계,면세점,-,-,-,-,-,-,-,-,-,-,-,-,-,-,-,-,0,0,0
"유럽","유럽연합+영국","유럽연합",기 타,소계,면세점 이외,-,-,-,-,-,-,-,-,-,-,-,-,-,-,-,-,52,183,105
"유럽","유럽연합+영국","영국",합계,소계,계,-,-,-,-,-,-,-,-,-,-,-,-,-,-,-,-,750,711,611
"유럽","유럽연합+영국","영국",합계,소계,면세점,-,-,-,-,-,-,-,-,-,-,-,-,-,-,-,-,0,0,2
"유럽","유럽연합+영국","영국",합계,소계,면세점 이외,-,-,-,-,-,-,-,-,-,-,-,-,-,-,-,-,750,711,609
"유럽","유럽연합+영국","영국",컴퓨터 및 주변기기,소계,계,-,-,-,-,-,-,-,-,-,-,-,-,-,-,-,-,118,72,55
"유럽","유럽연합+영국","영국",컴퓨터 및 주변기기,소계,면세점,-,-,-,-,-,-,-,-,-,-,-,-,-,-,-,-,0,0,0
"유럽","유럽연합+영국","영국",컴퓨터 및 주변기기,소계,면세점 이외,-,-,-,-,-,-,-,-,-,-,-,-,-,-,-,-,118,72,55
"유럽","유럽연합+영국","영국",가전·전자·통신기기,소계,계,-,-,-,-,-,-,-,-,-,-,-,-,-,-,-,-,15,16,10
"유럽","유럽연합+영국","영국",가전·전자·통신기기,소계,면세점,-,-,-,-,-,-,-,-,-,-,-,-,-,-,-,-,0,0,0
"유럽","유럽연합+영국","영국",가전·전자·통신기기,소계,면세점 이외,-,-,-,-,-,-,-,-,-,-,-,-,-,-,-,-,15,16,10
"유럽","유럽연합+영국","영국",가전·전자·통신기기,가전·전자,계,-,-,-,-,-,-,-,-,-,-,-,-,-,-,-,-,9,11,10
"유럽","유럽연합+영국","영국",가전·전자·통신기기,가전·전자,면세점,-,-,-,-,-,-,-,-,-,-,-,-,-,-,-,-,0,0,0
"유럽","유럽연합+영국","영국",가전·전자·통신기기,가전·전자,면세점 이외,-,-,-,-,-,-,-,-,-,-,-,-,-,-,-,-,9,11,10
"유럽","유럽연합+영국","영국",가전·전자·통신기기,통신기기,계,-,-,-,-,-,-,-,-,-,-,-,-,-,-,-,-,6,5,0
"유럽","유럽연합+영국","영국",가전·전자·통신기기,통신기기,면세점,-,-,-,-,-,-,-,-,-,-,-,-,-,-,-,-,0,0,0
"유럽","유럽연합+영국","영국",가전·전자·통신기기,통신기기,면세점 이외,-,-,-,-,-,-,-,-,-,-,-,-,-,-,-,-,6,5,0
"유럽","유럽연합+영국","영국",소프트웨어,소계,계,-,-,-,-,-,-,-,-,-,-,-,-,-,-,-,-,2,0,0
"유럽","유럽연합+영국","영국",소프트웨어,소계,면세점,-,-,-,-,-,-,-,-,-,-,-,-,-,-,-,-,0,0,0
"유럽","유럽연합+영국","영국",소프트웨어,소계,면세점 이외,-,-,-,-,-,-,-,-,-,-,-,-,-,-,-,-,2,0,0
"유럽","유럽연합+영국","영국",서 적,소계,계,-,-,-,-,-,-,-,-,-,-,-,-,-,-,-,-,32,27,28
"유럽","유럽연합+영국","영국",서 적,소계,면세점,-,-,-,-,-,-,-,-,-,-,-,-,-,-,-,-,0,0,0
"유럽","유럽연합+영국","영국",서 적,소계,면세점 이외,-,-,-,-,-,-,-,-,-,-,-,-,-,-,-,-,32,27,28
"유럽","유럽연합+영국","영국",사무·문구,소계,계,-,-,-,-,-,-,-,-,-,-,-,-,-,-,-,-,24,0,1
"유럽","유럽연합+영국","영국",사무·문구,소계,면세점,-,-,-,-,-,-,-,-,-,-,-,-,-,-,-,-,0,0,0
"유럽","유럽연합+영국","영국",사무·문구,소계,면세점 이외,-,-,-,-,-,-,-,-,-,-,-,-,-,-,-,-,24,0,1
"유럽","유럽연합+영국","영국",음반·비디오·악기,소계,계,-,-,-,-,-,-,-,-,-,-,-,-,-,-,-,-,130,21,11
"유럽","유럽연합+영국","영국",음반·비디오·악기,소계,면세점,-,-,-,-,-,-,-,-,-,-,-,-,-,-,-,-,0,0,0
"유럽","유럽연합+영국","영국",음반·비디오·악기,소계,면세점 이외,-,-,-,-,-,-,-,-,-,-,-,-,-,-,-,-,130,21,11
"유럽","유럽연합+영국","영국",의류 및 패션 관련 상품,소계,계,-,-,-,-,-,-,-,-,-,-,-,-,-,-,-,-,303,382,207
"유럽","유럽연합+영국","영국",의류 및 패션 관련 상품,소계,면세점,-,-,-,-,-,-,-,-,-,-,-,-,-,-,-,-,0,0,0
"유럽","유럽연합+영국","영국",의류 및 패션 관련 상품,소계,면세점 이외,-,-,-,-,-,-,-,-,-,-,-,-,-,-,-,-,303,382,207
"유럽","유럽연합+영국","영국",스포츠·레저용품,소계,계,-,-,-,-,-,-,-,-,-,-,-,-,-,-,-,-,3,6,5
"유럽","유럽연합+영국","영국",스포츠·레저용품,소계,면세점,-,-,-,-,-,-,-,-,-,-,-,-,-,-,-,-,0,0,0
"유럽","유럽연합+영국","영국",스포츠·레저용품,소계,면세점 이외,-,-,-,-,-,-,-,-,-,-,-,-,-,-,-,-,3,6,5
"유럽","유럽연합+영국","영국",화장품,소계,계,-,-,-,-,-,-,-,-,-,-,-,-,-,-,-,-,46,73,234
"유럽","유럽연합+영국","영국",화장품,소계,면세점,-,-,-,-,-,-,-,-,-,-,-,-,-,-,-,-,0,0,0
"유럽","유럽연합+영국","영국",화장품,소계,면세점 이외,-,-,-,-,-,-,-,-,-,-,-,-,-,-,-,-,46,73,234
"유럽","유럽연합+영국","영국",아동·유아용품,소계,계,-,-,-,-,-,-,-,-,-,-,-,-,-,-,-,-,3,4,7
"유럽","유럽연합+영국","영국",아동·유아용품,소계,면세점,-,-,-,-,-,-,-,-,-,-,-,-,-,-,-,-,0,0,0
"유럽","유럽연합+영국","영국",아동·유아용품,소계,면세점 이외,-,-,-,-,-,-,-,-,-,-,-,-,-,-,-,-,3,4,7
"유럽","유럽연합+영국","영국",음·식료품,소계,계,-,-,-,-,-,-,-,-,-,-,-,-,-,-,-,-,27,18,6
"유럽","유럽연합+영국","영국",음·식료품,소계,면세점,-,-,-,-,-,-,-,-,-,-,-,-,-,-,-,-,0,0,2
"유럽","유럽연합+영국","영국",음·식료품,소계,면세점 이외,-,-,-,-,-,-,-,-,-,-,-,-,-,-,-,-,27,18,4
"유럽","유럽연합+영국","영국",농축수산물,소계,계,-,-,-,-,-,-,-,-,-,-,-,-,-,-,-,-,0,0,0
"유럽","유럽연합+영국","영국",농축수산물,소계,면세점,-,-,-,-,-,-,-,-,-,-,-,-,-,-,-,-,0,0,0
"유럽","유럽연합+영국","영국",농축수산물,소계,면세점 이외,-,-,-,-,-,-,-,-,-,-,-,-,-,-,-,-,0,0,0
"유럽","유럽연합+영국","영국",생활·자동차용품,소계,계,-,-,-,-,-,-,-,-,-,-,-,-,-,-,-,-,14,5,1
"유럽","유럽연합+영국","영국",생활·자동차용품,소계,면세점,-,-,-,-,-,-,-,-,-,-,-,-,-,-,-,-,0,0,0
"유럽","유럽연합+영국","영국",생활·자동차용품,소계,면세점 이외,-,-,-,-,-,-,-,-,-,-,-,-,-,-,-,-,14,5,1
"유럽","유럽연합+영국","영국",기 타,소계,계,-,-,-,-,-,-,-,-,-,-,-,-,-,-,-,-,33,87,46
"유럽","유럽연합+영국","영국",기 타,소계,면세점,-,-,-,-,-,-,-,-,-,-,-,-,-,-,-,-,0,0,0
"유럽","유럽연합+영국","영국",기 타,소계,면세점 이외,-,-,-,-,-,-,-,-,-,-,-,-,-,-,-,-,33,87,46
"유럽","기타 유럽","소계",합계,소계,계,-,-,-,-,-,-,-,-,-,-,-,-,-,-,-,-,544,659,669
"유럽","기타 유럽","소계",합계,소계,면세점,-,-,-,-,-,-,-,-,-,-,-,-,-,-,-,-,62,202,131
"유럽","기타 유럽","소계",합계,소계,면세점 이외,-,-,-,-,-,-,-,-,-,-,-,-,-,-,-,-,482,457,538
"유럽","기타 유럽","소계",컴퓨터 및 주변기기,소계,계,-,-,-,-,-,-,-,-,-,-,-,-,-,-,-,-,26,53,21
"유럽","기타 유럽","소계",컴퓨터 및 주변기기,소계,면세점,-,-,-,-,-,-,-,-,-,-,-,-,-,-,-,-,0,0,0
"유럽","기타 유럽","소계",컴퓨터 및 주변기기,소계,면세점 이외,-,-,-,-,-,-,-,-,-,-,-,-,-,-,-,-,26,53,21
"유럽","기타 유럽","소계",가전·전자·통신기기,소계,계,-,-,-,-,-,-,-,-,-,-,-,-,-,-,-,-,0,3,8
"유럽","기타 유럽","소계",가전·전자·통신기기,소계,면세점,-,-,-,-,-,-,-,-,-,-,-,-,-,-,-,-,0,1,6
"유럽","기타 유럽","소계",가전·전자·통신기기,소계,면세점 이외,-,-,-,-,-,-,-,-,-,-,-,-,-,-,-,-,0,2,2
"유럽","기타 유럽","소계",가전·전자·통신기기,가전·전자,계,-,-,-,-,-,-,-,-,-,-,-,-,-,-,-,-,0,3,8
"유럽","기타 유럽","소계",가전·전자·통신기기,가전·전자,면세점,-,-,-,-,-,-,-,-,-,-,-,-,-,-,-,-,0,1,6
"유럽","기타 유럽","소계",가전·전자·통신기기,가전·전자,면세점 이외,-,-,-,-,-,-,-,-,-,-,-,-,-,-,-,-,0,2,2
"유럽","기타 유럽","소계",가전·전자·통신기기,통신기기,계,-,-,-,-,-,-,-,-,-,-,-,-,-,-,-,-,0,0,0
"유럽","기타 유럽","소계",가전·전자·통신기기,통신기기,면세점,-,-,-,-,-,-,-,-,-,-,-,-,-,-,-,-,0,0,0
"유럽","기타 유럽","소계",가전·전자·통신기기,통신기기,면세점 이외,-,-,-,-,-,-,-,-,-,-,-,-,-,-,-,-,0,0,0
"유럽","기타 유럽","소계",소프트웨어,소계,계,-,-,-,-,-,-,-,-,-,-,-,-,-,-,-,-,0,0,0
"유럽","기타 유럽","소계",소프트웨어,소계,면세점,-,-,-,-,-,-,-,-,-,-,-,-,-,-,-,-,0,0,0
"유럽","기타 유럽","소계",소프트웨어,소계,면세점 이외,-,-,-,-,-,-,-,-,-,-,-,-,-,-,-,-,0,0,0
"유럽","기타 유럽","소계",서 적,소계,계,-,-,-,-,-,-,-,-,-,-,-,-,-,-,-,-,3,3,10
"유럽","기타 유럽","소계",서 적,소계,면세점,-,-,-,-,-,-,-,-,-,-,-,-,-,-,-,-,0,0,0
"유럽","기타 유럽","소계",서 적,소계,면세점 이외,-,-,-,-,-,-,-,-,-,-,-,-,-,-,-,-,3,3,10
"유럽","기타 유럽","소계",사무·문구,소계,계,-,-,-,-,-,-,-,-,-,-,-,-,-,-,-,-,0,1,0
"유럽","기타 유럽","소계",사무·문구,소계,면세점,-,-,-,-,-,-,-,-,-,-,-,-,-,-,-,-,0,0,0
"유럽","기타 유럽","소계",사무·문구,소계,면세점 이외,-,-,-,-,-,-,-,-,-,-,-,-,-,-,-,-,0,1,0
"유럽","기타 유럽","소계",음반·비디오·악기,소계,계,-,-,-,-,-,-,-,-,-,-,-,-,-,-,-,-,12,22,162
"유럽","기타 유럽","소계",음반·비디오·악기,소계,면세점,-,-,-,-,-,-,-,-,-,-,-,-,-,-,-,-,0,0,0
"유럽","기타 유럽","소계",음반·비디오·악기,소계,면세점 이외,-,-,-,-,-,-,-,-,-,-,-,-,-,-,-,-,12,22,162
"유럽","기타 유럽","소계",의류 및 패션 관련 상품,소계,계,-,-,-,-,-,-,-,-,-,-,-,-,-,-,-,-,110,253,193
"유럽","기타 유럽","소계",의류 및 패션 관련 상품,소계,면세점,-,-,-,-,-,-,-,-,-,-,-,-,-,-,-,-,21,34,36
"유럽","기타 유럽","소계",의류 및 패션 관련 상품,소계,면세점 이외,-,-,-,-,-,-,-,-,-,-,-,-,-,-,-,-,89,219,157
"유럽","기타 유럽","소계",스포츠·레저용품,소계,계,-,-,-,-,-,-,-,-,-,-,-,-,-,-,-,-,121,3,2
"유럽","기타 유럽","소계",스포츠·레저용품,소계,면세점,-,-,-,-,-,-,-,-,-,-,-,-,-,-,-,-,0,0,0
"유럽","기타 유럽","소계",스포츠·레저용품,소계,면세점 이외,-,-,-,-,-,-,-,-,-,-,-,-,-,-,-,-,121,3,2
"유럽","기타 유럽","소계",화장품,소계,계,-,-,-,-,-,-,-,-,-,-,-,-,-,-,-,-,223,283,197
"유럽","기타 유럽","소계",화장품,소계,면세점,-,-,-,-,-,-,-,-,-,-,-,-,-,-,-,-,37,157,78
"유럽","기타 유럽","소계",화장품,소계,면세점 이외,-,-,-,-,-,-,-,-,-,-,-,-,-,-,-,-,186,126,119
"유럽","기타 유럽","소계",아동·유아용품,소계,계,-,-,-,-,-,-,-,-,-,-,-,-,-,-,-,-,40,1,56
"유럽","기타 유럽","소계",아동·유아용품,소계,면세점,-,-,-,-,-,-,-,-,-,-,-,-,-,-,-,-,0,0,0
"유럽","기타 유럽","소계",아동·유아용품,소계,면세점 이외,-,-,-,-,-,-,-,-,-,-,-,-,-,-,-,-,40,1,56
"유럽","기타 유럽","소계",음·식료품,소계,계,-,-,-,-,-,-,-,-,-,-,-,-,-,-,-,-,4,10,11
"유럽","기타 유럽","소계",음·식료품,소계,면세점,-,-,-,-,-,-,-,-,-,-,-,-,-,-,-,-,4,10,11
"유럽","기타 유럽","소계",음·식료품,소계,면세점 이외,-,-,-,-,-,-,-,-,-,-,-,-,-,-,-,-,0,0,0
"유럽","기타 유럽","소계",농축수산물,소계,계,-,-,-,-,-,-,-,-,-,-,-,-,-,-,-,-,0,0,0
"유럽","기타 유럽","소계",농축수산물,소계,면세점,-,-,-,-,-,-,-,-,-,-,-,-,-,-,-,-,0,0,0
"유럽","기타 유럽","소계",농축수산물,소계,면세점 이외,-,-,-,-,-,-,-,-,-,-,-,-,-,-,-,-,0,0,0
"유럽","기타 유럽","소계",생활·자동차용품,소계,계,-,-,-,-,-,-,-,-,-,-,-,-,-,-,-,-,1,5,1
"유럽","기타 유럽","소계",생활·자동차용품,소계,면세점,-,-,-,-,-,-,-,-,-,-,-,-,-,-,-,-,0,0,0
"유럽","기타 유럽","소계",생활·자동차용품,소계,면세점 이외,-,-,-,-,-,-,-,-,-,-,-,-,-,-,-,-,1,5,1
"유럽","기타 유럽","소계",기 타,소계,계,-,-,-,-,-,-,-,-,-,-,-,-,-,-,-,-,4,22,8
"유럽","기타 유럽","소계",기 타,소계,면세점,-,-,-,-,-,-,-,-,-,-,-,-,-,-,-,-,0,0,0
"유럽","기타 유럽","소계",기 타,소계,면세점 이외,-,-,-,-,-,-,-,-,-,-,-,-,-,-,-,-,4,22,8
"대양주","소계","소계",합계,소계,계,3565,3610,2817,3280,3187,3903,4701,4480,4475,4099,4914,3359,2643,2407,2046,1798,1571,1753,1819
"대양주","소계","소계",합계,소계,면세점,18,11,22,30,18,2,1,1,5,0,1,0,0,6,2,8,15,11,12
"대양주","소계","소계",합계,소계,면세점 이외,3547,3599,2795,3250,3169,3905,4702,4479,4470,4099,4913,3359,2643,2401,2044,1790,1556,1742,1807
"대양주","소계","소계",컴퓨터 및 주변기기,소계,계,78,62,58,56,93,73,96,56,68,85,80,30,6,6,60,46,55,34,34
"대양주","소계","소계",컴퓨터 및 주변기기,소계,면세점,0,0,0,0,0,0,0,0,0,0,0,0,0,0,0,0,0,0,0
"대양주","소계","소계",컴퓨터 및 주변기기,소계,면세점 이외,78,62,58,56,93,73,96,56,68,85,80,30,6,6,60,46,55,34,34
"대양주","소계","소계",가전·전자·통신기기,소계,계,807,705,528,302,348,1030,1317,1139,964,816,845,292,10,10,7,3,26,16,10
"대양주","소계","소계",가전·전자·통신기기,소계,면세점,1,2,5,6,9,0,0,0,0,0,0,0,0,0,0,0,0,0,0
"대양주","소계","소계",가전·전자·통신기기,소계,면세점 이외,806,703,523,296,339,1030,1317,1139,964,816,845,292,10,10,7,3,26,16,10
"대양주","소계","소계",가전·전자·통신기기,가전·전자,계,-,-,-,-,-,-,-,-,-,-,-,-,-,-,-,-,20,16,7
"대양주","소계","소계",가전·전자·통신기기,가전·전자,면세점,-,-,-,-,-,-,-,-,-,-,-,-,-,-,-,-,0,0,0
"대양주","소계","소계",가전·전자·통신기기,가전·전자,면세점 이외,-,-,-,-,-,-,-,-,-,-,-,-,-,-,-,-,20,16,7
"대양주","소계","소계",가전·전자·통신기기,통신기기,계,-,-,-,-,-,-,-,-,-,-,-,-,-,-,-,-,6,0,3
"대양주","소계","소계",가전·전자·통신기기,통신기기,면세점,-,-,-,-,-,-,-,-,-,-,-,-,-,-,-,-,0,0,0
"대양주","소계","소계",가전·전자·통신기기,통신기기,면세점 이외,-,-,-,-,-,-,-,-,-,-,-,-,-,-,-,-,6,0,3
"대양주","소계","소계",소프트웨어,소계,계,7,6,3,4,4,6,5,5,5,5,7,2,0,0,0,0,9,0,0
"대양주","소계","소계",소프트웨어,소계,면세점,0,0,0,0,0,0,0,0,0,0,0,0,0,0,0,0,0,0,0
"대양주","소계","소계",소프트웨어,소계,면세점 이외,7,6,3,4,4,6,5,5,5,5,7,2,0,0,0,0,9,0,0
"대양주","소계","소계",서 적,소계,계,62,81,48,81,73,92,121,81,90,99,131,129,98,109,94,78,87,117,135
"대양주","소계","소계",서 적,소계,면세점,0,0,0,0,0,0,0,0,0,0,0,0,0,0,0,0,0,0,0
"대양주","소계","소계",서 적,소계,면세점 이외,62,81,48,81,73,92,121,81,90,99,131,129,98,109,94,78,87,117,135
"대양주","소계","소계",사무·문구,소계,계,6,6,2,11,5,7,4,5,5,8,21,28,14,22,11,9,3,2,2
"대양주","소계","소계",사무·문구,소계,면세점,0,0,0,0,0,0,0,0,0,0,0,0,0,0,0,0,0,0,0
"대양주","소계","소계",사무·문구,소계,면세점 이외,6,6,2,11,5,7,4,5,5,8,21,28,14,22,11,9,3,2,2
"대양주","소계","소계",음반·비디오·악기,소계,계,354,481,318,387,308,371,553,568,552,512,614,396,219,383,247,150,157,365,466
"대양주","소계","소계",음반·비디오·악기,소계,면세점,0,0,0,0,0,0,0,0,0,0,0,0,0,0,0,0,0,0,0
"대양주","소계","소계",음반·비디오·악기,소계,면세점 이외,354,481,318,387,308,371,553,568,552,512,614,396,219,383,247,150,157,365,466
"대양주","소계","소계",의류 및 패션 관련 상품,소계,계,627,633,578,651,479,909,1082,1279,1395,1426,1527,1675,1578,1684,1342,1155,908,1066,1007
"대양주","소계","소계",의류 및 패션 관련 상품,소계,면세점,7,3,7,12,4,2,1,0,5,0,1,0,0,0,0,0,4,2,1
"대양주","소계","소계",의류 및 패션 관련 상품,소계,면세점 이외,620,630,571,639,475,911,1081,1279,1390,1426,1526,1675,1578,1684,1342,1155,904,1064,1006
"대양주","소계","소계",스포츠·레저용품,소계,계,102,95,199,79,77,95,195,323,283,112,512,270,201,11,12,200,196,5,4
"대양주","소계","소계",스포츠·레저용품,소계,면세점,0,0,0,0,0,0,0,0,0,0,0,0,0,0,0,0,0,0,0
"대양주","소계","소계",스포츠·레저용품,소계,면세점 이외,102,95,199,79,77,95,195,323,283,112,512,270,201,11,12,200,196,5,4
"대양주","소계","소계",화장품,소계,계,826,829,637,1094,717,659,615,471,465,430,488,239,117,83,68,52,44,36,52
"대양주","소계","소계",화장품,소계,면세점,6,5,8,10,4,0,2,1,0,0,0,0,0,1,1,2,5,5,5
"대양주","소계","소계",화장품,소계,면세점 이외,820,824,629,1084,713,659,617,470,465,430,488,239,117,82,67,50,39,31,47
"대양주","소계","소계",아동·유아용품,소계,계,120,135,82,144,141,129,119,95,84,77,118,55,29,11,14,8,15,20,11
"대양주","소계","소계",아동·유아용품,소계,면세점,0,0,0,0,0,0,0,0,0,0,0,0,0,0,0,0,0,0,0
"대양주","소계","소계",아동·유아용품,소계,면세점 이외,120,135,82,144,141,129,119,95,84,77,118,55,29,11,14,8,15,20,11
"대양주","소계","소계",음·식료품,소계,계,23,25,21,19,386,14,3,1,2,7,11,6,0,7,7,10,12,11,12
"대양주","소계","소계",음·식료품,소계,면세점,4,1,2,2,1,0,0,0,0,0,0,0,0,5,1,6,6,4,6
"대양주","소계","소계",음·식료품,소계,면세점 이외,19,24,19,17,385,14,3,1,2,7,11,6,0,2,6,4,6,7,6
"대양주","소계","소계",농축수산물,소계,계,1,0,0,0,0,1,0,0,0,0,0,1,0,0,0,0,0,0,0
"대양주","소계","소계",농축수산물,소계,면세점,0,0,0,0,0,0,0,0,0,0,0,0,0,0,0,0,0,0,0
"대양주","소계","소계",농축수산물,소계,면세점 이외,1,0,0,0,0,1,0,0,0,0,0,1,0,0,0,0,0,0,0
"대양주","소계","소계",생활·자동차용품,소계,계,342,345,229,310,286,322,343,247,279,288,278,115,31,21,24,14,26,13,15
"대양주","소계","소계",생활·자동차용품,소계,면세점,0,0,0,0,0,0,0,0,0,0,0,0,0,0,0,0,0,0,0
"대양주","소계","소계",생활·자동차용품,소계,면세점 이외,342,345,229,310,286,322,343,247,279,288,278,115,31,21,24,14,26,13,15
"대양주","소계","소계",기 타,소계,계,210,207,114,142,270,195,248,210,283,234,282,121,340,60,160,73,33,68,71
"대양주","소계","소계",기 타,소계,면세점,0,0,0,0,0,0,0,0,0,0,0,0,0,0,0,0,0,0,0
"대양주","소계","소계",기 타,소계,면세점 이외,210,207,114,142,270,195,248,210,283,234,282,121,340,60,160,73,33,68,71
"중남미","소계","소계",합계,소계,계,3093,3680,2461,3747,3446,2459,3076,3582,2301,2363,2176,1458,725,1904,1174,979,751,547,822
"중남미","소계","소계",합계,소계,면세점,0,0,0,0,0,0,0,0,0,0,0,0,0,0,0,1,1,0,0
"중남미","소계","소계",합계,소계,면세점 이외,3093,3680,2461,3747,3446,2459,3076,3582,2301,2363,2176,1458,725,1904,1174,978,750,547,822
"중남미","소계","소계",컴퓨터 및 주변기기,소계,계,56,59,58,61,42,97,154,69,58,138,106,23,0,0,18,91,128,31,112
"중남미","소계","소계",컴퓨터 및 주변기기,소계,면세점,0,0,0,0,0,0,0,0,0,0,0,0,0,0,0,0,0,0,0
"중남미","소계","소계",컴퓨터 및 주변기기,소계,면세점 이외,56,59,58,61,42,97,154,69,58,138,106,23,0,0,18,91,128,31,112
"중남미","소계","소계",가전·전자·통신기기,소계,계,237,240,203,299,184,238,257,233,179,155,133,63,0,3,0,0,25,44,15
"중남미","소계","소계",가전·전자·통신기기,소계,면세점,0,0,0,0,0,0,0,0,0,0,0,0,0,0,0,0,0,0,0
"중남미","소계","소계",가전·전자·통신기기,소계,면세점 이외,237,240,203,299,184,238,257,233,179,155,133,63,0,3,0,0,25,44,15
"중남미","소계","소계",가전·전자·통신기기,가전·전자,계,-,-,-,-,-,-,-,-,-,-,-,-,-,-,-,-,10,10,10
"중남미","소계","소계",가전·전자·통신기기,가전·전자,면세점,-,-,-,-,-,-,-,-,-,-,-,-,-,-,-,-,0,0,0
"중남미","소계","소계",가전·전자·통신기기,가전·전자,면세점 이외,-,-,-,-,-,-,-,-,-,-,-,-,-,-,-,-,10,10,10
"중남미","소계","소계",가전·전자·통신기기,통신기기,계,-,-,-,-,-,-,-,-,-,-,-,-,-,-,-,-,15,34,5
"중남미","소계","소계",가전·전자·통신기기,통신기기,면세점,-,-,-,-,-,-,-,-,-,-,-,-,-,-,-,-,0,0,0
"중남미","소계","소계",가전·전자·통신기기,통신기기,면세점 이외,-,-,-,-,-,-,-,-,-,-,-,-,-,-,-,-,15,34,5
"중남미","소계","소계",소프트웨어,소계,계,4,7,2,4,4,4,3,4,2,3,4,1,0,0,0,0,0,0,0
"중남미","소계","소계",소프트웨어,소계,면세점,0,0,0,0,0,0,0,0,0,0,0,0,0,0,0,0,0,0,0
"중남미","소계","소계",소프트웨어,소계,면세점 이외,4,7,2,4,4,4,3,4,2,3,4,1,0,0,0,0,0,0,0
"중남미","소계","소계",서 적,소계,계,141,184,115,206,160,3,6,19,103,68,65,130,84,186,118,34,68,47,54
"중남미","소계","소계",서 적,소계,면세점,0,0,0,0,0,0,0,0,0,0,0,0,0,0,0,0,0,0,0
"중남미","소계","소계",서 적,소계,면세점 이외,141,184,115,206,160,3,6,19,103,68,65,130,84,186,118,34,68,47,54
"중남미","소계","소계",사무·문구,소계,계,0,0,0,0,0,1,1,1,0,3,11,9,2,6,3,6,2,2,9
"중남미","소계","소계",사무·문구,소계,면세점,0,0,0,0,0,0,0,0,0,0,0,0,0,0,0,0,0,0,0
"중남미","소계","소계",사무·문구,소계,면세점 이외,0,0,0,0,0,1,1,1,0,3,11,9,2,6,3,6,2,2,9
"중남미","소계","소계",음반·비디오·악기,소계,계,1107,1594,980,1204,1183,1332,1628,2278,1107,1063,1032,855,539,1468,882,742,403,269,465
"중남미","소계","소계",음반·비디오·악기,소계,면세점,0,0,0,0,0,0,0,0,0,0,0,0,0,0,0,0,0,0,0
"중남미","소계","소계",음반·비디오·악기,소계,면세점 이외,1107,1594,980,1204,1183,1332,1628,2278,1107,1063,1032,855,539,1468,882,742,403,269,465
"중남미","소계","소계",의류 및 패션 관련 상품,소계,계,151,157,112,124,114,107,142,251,154,185,177,95,49,82,15,24,20,32,28
"중남미","소계","소계",의류 및 패션 관련 상품,소계,면세점,0,0,0,0,0,0,0,0,0,0,0,0,0,0,0,0,0,0,0
"중남미","소계","소계",의류 및 패션 관련 상품,소계,면세점 이외,151,157,112,124,114,107,142,251,154,185,177,95,49,82,15,24,20,32,28
"중남미","소계","소계",스포츠·레저용품,소계,계,90,91,60,63,49,34,51,49,31,45,29,17,0,1,1,0,3,8,0
"중남미","소계","소계",스포츠·레저용품,소계,면세점,0,0,0,0,0,0,0,0,0,0,0,0,0,0,0,0,0,0,0
"중남미","소계","소계",스포츠·레저용품,소계,면세점 이외,90,91,60,63,49,34,51,49,31,45,29,17,0,1,1,0,3,8,0
"중남미","소계","소계",화장품,소계,계,636,667,482,638,414,170,200,170,170,125,130,77,44,123,65,31,29,27,26
"중남미","소계","소계",화장품,소계,면세점,0,0,0,0,0,0,0,0,0,0,0,0,0,0,0,0,0,0,0
"중남미","소계","소계",화장품,소계,면세점 이외,636,667,482,638,414,170,200,170,170,125,130,77,44,123,65,31,29,27,26
"중남미","소계","소계",아동·유아용품,소계,계,59,67,54,85,51,33,32,35,39,52,35,10,1,0,2,6,21,20,9
"중남미","소계","소계",아동·유아용품,소계,면세점,0,0,0,0,0,0,0,0,0,0,0,0,0,0,0,0,0,0,0
"중남미","소계","소계",아동·유아용품,소계,면세점 이외,59,67,54,85,51,33,32,35,39,52,35,10,1,0,2,6,21,20,9
"중남미","소계","소계",음·식료품,소계,계,0,0,0,0,774,0,0,0,0,0,0,3,1,0,1,1,2,0,0
"중남미","소계","소계",음·식료품,소계,면세점,0,0,0,0,0,0,0,0,0,0,0,0,0,0,0,1,1,0,0
"중남미","소계","소계",음·식료품,소계,면세점 이외,0,0,0,0,774,0,0,0,0,0,0,3,1,0,1,0,1,0,0
"중남미","소계","소계",농축수산물,소계,계,0,0,0,0,0,0,0,0,0,0,0,0,0,0,0,0,0,0,0
"중남미","소계","소계",농축수산물,소계,면세점,0,0,0,0,0,0,0,0,0,0,0,0,0,0,0,0,0,0,0
"중남미","소계","소계",농축수산물,소계,면세점 이외,0,0,0,0,0,0,0,0,0,0,0,0,0,0,0,0,0,0,0
"중남미","소계","소계",생활·자동차용품,소계,계,457,462,305,916,334,295,394,338,315,348,273,112,2,1,10,8,34,17,13
"중남미","소계","소계",생활·자동차용품,소계,면세점,0,0,0,0,0,0,0,0,0,0,0,0,0,0,0,0,0,0,0
"중남미","소계","소계",생활·자동차용품,소계,면세점 이외,457,462,305,916,334,295,394,338,315,348,273,112,2,1,10,8,34,17,13
"중남미","소계","소계",기 타,소계,계,155,152,90,147,137,145,208,135,143,178,181,63,3,34,59,36,16,50,91
"중남미","소계","소계",기 타,소계,면세점,0,0,0,0,0,0,0,0,0,0,0,0,0,0,0,0,0,0,0
"중남미","소계","소계",기 타,소계,면세점 이외,155,152,90,147,137,145,208,135,143,178,181,63,3,34,59,36,16,50,91
"아프리카","소계","소계",합계,소계,계,-,-,-,-,-,-,-,-,-,-,-,-,-,-,-,-,41,92,52
"아프리카","소계","소계",합계,소계,면세점,-,-,-,-,-,-,-,-,-,-,-,-,-,-,-,-,0,0,0
"아프리카","소계","소계",합계,소계,면세점 이외,-,-,-,-,-,-,-,-,-,-,-,-,-,-,-,-,41,92,52
"아프리카","소계","소계",컴퓨터 및 주변기기,소계,계,-,-,-,-,-,-,-,-,-,-,-,-,-,-,-,-,10,38,12
"아프리카","소계","소계",컴퓨터 및 주변기기,소계,면세점,-,-,-,-,-,-,-,-,-,-,-,-,-,-,-,-,0,0,0
"아프리카","소계","소계",컴퓨터 및 주변기기,소계,면세점 이외,-,-,-,-,-,-,-,-,-,-,-,-,-,-,-,-,10,38,12
"아프리카","소계","소계",가전·전자·통신기기,소계,계,-,-,-,-,-,-,-,-,-,-,-,-,-,-,-,-,19,20,6
"아프리카","소계","소계",가전·전자·통신기기,소계,면세점,-,-,-,-,-,-,-,-,-,-,-,-,-,-,-,-,0,0,0
"아프리카","소계","소계",가전·전자·통신기기,소계,면세점 이외,-,-,-,-,-,-,-,-,-,-,-,-,-,-,-,-,19,20,6
"아프리카","소계","소계",가전·전자·통신기기,가전·전자,계,-,-,-,-,-,-,-,-,-,-,-,-,-,-,-,-,1,0,0
"아프리카","소계","소계",가전·전자·통신기기,가전·전자,면세점,-,-,-,-,-,-,-,-,-,-,-,-,-,-,-,-,0,0,0
"아프리카","소계","소계",가전·전자·통신기기,가전·전자,면세점 이외,-,-,-,-,-,-,-,-,-,-,-,-,-,-,-,-,1,0,0
"아프리카","소계","소계",가전·전자·통신기기,통신기기,계,-,-,-,-,-,-,-,-,-,-,-,-,-,-,-,-,18,20,6
"아프리카","소계","소계",가전·전자·통신기기,통신기기,면세점,-,-,-,-,-,-,-,-,-,-,-,-,-,-,-,-,0,0,0
"아프리카","소계","소계",가전·전자·통신기기,통신기기,면세점 이외,-,-,-,-,-,-,-,-,-,-,-,-,-,-,-,-,18,20,6
"아프리카","소계","소계",소프트웨어,소계,계,-,-,-,-,-,-,-,-,-,-,-,-,-,-,-,-,0,0,0
"아프리카","소계","소계",소프트웨어,소계,면세점,-,-,-,-,-,-,-,-,-,-,-,-,-,-,-,-,0,0,0
"아프리카","소계","소계",소프트웨어,소계,면세점 이외,-,-,-,-,-,-,-,-,-,-,-,-,-,-,-,-,0,0,0
"아프리카","소계","소계",서 적,소계,계,-,-,-,-,-,-,-,-,-,-,-,-,-,-,-,-,0,0,0
"아프리카","소계","소계",서 적,소계,면세점,-,-,-,-,-,-,-,-,-,-,-,-,-,-,-,-,0,0,0
"아프리카","소계","소계",서 적,소계,면세점 이외,-,-,-,-,-,-,-,-,-,-,-,-,-,-,-,-,0,0,0
"아프리카","소계","소계",사무·문구,소계,계,-,-,-,-,-,-,-,-,-,-,-,-,-,-,-,-,0,0,0
"아프리카","소계","소계",사무·문구,소계,면세점,-,-,-,-,-,-,-,-,-,-,-,-,-,-,-,-,0,0,0
"아프리카","소계","소계",사무·문구,소계,면세점 이외,-,-,-,-,-,-,-,-,-,-,-,-,-,-,-,-,0,0,0
"아프리카","소계","소계",음반·비디오·악기,소계,계,-,-,-,-,-,-,-,-,-,-,-,-,-,-,-,-,0,0,0
"아프리카","소계","소계",음반·비디오·악기,소계,면세점,-,-,-,-,-,-,-,-,-,-,-,-,-,-,-,-,0,0,0
"아프리카","소계","소계",음반·비디오·악기,소계,면세점 이외,-,-,-,-,-,-,-,-,-,-,-,-,-,-,-,-,0,0,0
"아프리카","소계","소계",의류 및 패션 관련 상품,소계,계,-,-,-,-,-,-,-,-,-,-,-,-,-,-,-,-,1,0,0
"아프리카","소계","소계",의류 및 패션 관련 상품,소계,면세점,-,-,-,-,-,-,-,-,-,-,-,-,-,-,-,-,0,0,0
"아프리카","소계","소계",의류 및 패션 관련 상품,소계,면세점 이외,-,-,-,-,-,-,-,-,-,-,-,-,-,-,-,-,1,0,0
"아프리카","소계","소계",스포츠·레저용품,소계,계,-,-,-,-,-,-,-,-,-,-,-,-,-,-,-,-,2,0,1
"아프리카","소계","소계",스포츠·레저용품,소계,면세점,-,-,-,-,-,-,-,-,-,-,-,-,-,-,-,-,0,0,0
"아프리카","소계","소계",스포츠·레저용품,소계,면세점 이외,-,-,-,-,-,-,-,-,-,-,-,-,-,-,-,-,2,0,1
"아프리카","소계","소계",화장품,소계,계,-,-,-,-,-,-,-,-,-,-,-,-,-,-,-,-,9,34,32
"아프리카","소계","소계",화장품,소계,면세점,-,-,-,-,-,-,-,-,-,-,-,-,-,-,-,-,0,0,0
"아프리카","소계","소계",화장품,소계,면세점 이외,-,-,-,-,-,-,-,-,-,-,-,-,-,-,-,-,9,34,32
"아프리카","소계","소계",아동·유아용품,소계,계,-,-,-,-,-,-,-,-,-,-,-,-,-,-,-,-,0,0,0
"아프리카","소계","소계",아동·유아용품,소계,면세점,-,-,-,-,-,-,-,-,-,-,-,-,-,-,-,-,0,0,0
"아프리카","소계","소계",아동·유아용품,소계,면세점 이외,-,-,-,-,-,-,-,-,-,-,-,-,-,-,-,-,0,0,0
"아프리카","소계","소계",음·식료품,소계,계,-,-,-,-,-,-,-,-,-,-,-,-,-,-,-,-,0,0,0
"아프리카","소계","소계",음·식료품,소계,면세점,-,-,-,-,-,-,-,-,-,-,-,-,-,-,-,-,0,0,0
"아프리카","소계","소계",음·식료품,소계,면세점 이외,-,-,-,-,-,-,-,-,-,-,-,-,-,-,-,-,0,0,0
"아프리카","소계","소계",농축수산물,소계,계,-,-,-,-,-,-,-,-,-,-,-,-,-,-,-,-,0,0,0
"아프리카","소계","소계",농축수산물,소계,면세점,-,-,-,-,-,-,-,-,-,-,-,-,-,-,-,-,0,0,0
"아프리카","소계","소계",농축수산물,소계,면세점 이외,-,-,-,-,-,-,-,-,-,-,-,-,-,-,-,-,0,0,0
"아프리카","소계","소계",생활·자동차용품,소계,계,-,-,-,-,-,-,-,-,-,-,-,-,-,-,-,-,0,0,0
"아프리카","소계","소계",생활·자동차용품,소계,면세점,-,-,-,-,-,-,-,-,-,-,-,-,-,-,-,-,0,0,0
"아프리카","소계","소계",생활·자동차용품,소계,면세점 이외,-,-,-,-,-,-,-,-,-,-,-,-,-,-,-,-,0,0,0
"아프리카","소계","소계",기 타,소계,계,-,-,-,-,-,-,-,-,-,-,-,-,-,-,-,-,0,0,1
"아프리카","소계","소계",기 타,소계,면세점,-,-,-,-,-,-,-,-,-,-,-,-,-,-,-,-,0,0,0
"아프리카","소계","소계",기 타,소계,면세점 이외,-,-,-,-,-,-,-,-,-,-,-,-,-,-,-,-,0,0,1
"기타","소계","소계",합계,소계,계,31714,35717,27417,25657,33260,18658,15906,16368,20356,23954,17408,15429,12661,11063,3739,3589,-,-,-
"기타","소계","소계",합계,소계,면세점,21673,24493,19569,13820,15384,10042,6661,7667,6470,6124,3505,3089,1131,3092,105,75,-,-,-
"기타","소계","소계",합계,소계,면세점 이외,10041,11224,7848,11837,17876,8616,9245,8701,13886,17830,13903,12340,11530,7971,3634,3514,-,-,-
"기타","소계","소계",컴퓨터 및 주변기기,소계,계,1146,1330,1190,1385,1689,1370,1213,1494,1546,1562,1460,1556,1602,1838,831,222,-,-,-
"기타","소계","소계",컴퓨터 및 주변기기,소계,면세점,0,0,0,0,113,0,0,0,0,0,0,0,0,0,0,0,-,-,-
"기타","소계","소계",컴퓨터 및 주변기기,소계,면세점 이외,1146,1330,1190,1385,1576,1370,1213,1494,1546,1562,1460,1556,1602,1838,831,222,-,-,-
"기타","소계","소계",가전·전자·통신기기,소계,계,568,816,975,1325,914,1959,621,344,246,175,241,137,74,8,8,5,-,-,-
"기타","소계","소계",가전·전자·통신기기,소계,면세점,150,420,633,856,525,1593,2,2,1,0,1,8,0,0,1,0,-,-,-
"기타","소계","소계",가전·전자·통신기기,소계,면세점 이외,418,396,342,469,389,366,619,342,245,175,240,129,74,8,7,5,-,-,-
"기타","소계","소계",가전·전자·통신기기,가전·전자,계,-,-,-,-,-,-,-,-,-,-,-,-,-,-,-,-,-,-,-
"기타","소계","소계",가전·전자·통신기기,가전·전자,면세점,-,-,-,-,-,-,-,-,-,-,-,-,-,-,-,-,-,-,-
"기타","소계","소계",가전·전자·통신기기,가전·전자,면세점 이외,-,-,-,-,-,-,-,-,-,-,-,-,-,-,-,-,-,-,-
"기타","소계","소계",가전·전자·통신기기,통신기기,계,-,-,-,-,-,-,-,-,-,-,-,-,-,-,-,-,-,-,-
"기타","소계","소계",가전·전자·통신기기,통신기기,면세점,-,-,-,-,-,-,-,-,-,-,-,-,-,-,-,-,-,-,-
"기타","소계","소계",가전·전자·통신기기,통신기기,면세점 이외,-,-,-,-,-,-,-,-,-,-,-,-,-,-,-,-,-,-,-
"기타","소계","소계",소프트웨어,소계,계,5,9,4,11,8,4,3,6,4,6,4,1,0,0,0,0,-,-,-
"기타","소계","소계",소프트웨어,소계,면세점,0,0,0,0,0,0,0,0,0,0,0,0,0,0,0,0,-,-,-
"기타","소계","소계",소프트웨어,소계,면세점 이외,5,9,4,11,8,4,3,6,4,6,4,1,0,0,0,0,-,-,-
"기타","소계","소계",서 적,소계,계,1031,1615,720,1218,1362,1351,868,982,2528,1583,1743,723,631,265,124,91,-,-,-
"기타","소계","소계",서 적,소계,면세점,0,0,0,0,0,0,0,0,0,0,0,0,0,0,0,0,-,-,-
"기타","소계","소계",서 적,소계,면세점 이외,1031,1615,720,1218,1362,1351,868,982,2528,1583,1743,723,631,265,124,91,-,-,-
"기타","소계","소계",사무·문구,소계,계,32,25,16,22,45,78,32,32,16,27,60,39,46,38,25,25,-,-,-
"기타","소계","소계",사무·문구,소계,면세점,0,0,0,0,0,0,0,0,0,0,0,0,0,0,0,0,-,-,-
"기타","소계","소계",사무·문구,소계,면세점 이외,32,25,16,22,45,78,32,32,16,27,60,39,46,38,25,25,-,-,-
"기타","소계","소계",음반·비디오·악기,소계,계,307,372,244,336,354,275,299,482,3837,8108,4476,3186,1600,1188,344,586,-,-,-
"기타","소계","소계",음반·비디오·악기,소계,면세점,0,0,0,0,0,0,0,0,0,0,0,0,0,0,0,0,-,-,-
"기타","소계","소계",음반·비디오·악기,소계,면세점 이외,307,372,244,336,354,275,299,482,3837,8108,4476,3186,1600,1188,344,586,-,-,-
"기타","소계","소계",의류 및 패션 관련 상품,소계,계,1542,1860,1299,1774,1215,1889,1780,2923,1796,2539,2175,2068,2140,2310,922,1037,-,-,-
"기타","소계","소계",의류 및 패션 관련 상품,소계,면세점,248,301,253,302,38,18,3,1247,1,0,75,79,116,289,24,15,-,-,-
"기타","소계","소계",의류 및 패션 관련 상품,소계,면세점 이외,1294,1559,1046,1472,1177,1871,1777,1676,1795,2539,2100,1989,2024,2021,898,1022,-,-,-
"기타","소계","소계",스포츠·레저용품,소계,계,154,143,93,132,103,143,218,291,296,150,138,241,180,83,68,174,-,-,-
"기타","소계","소계",스포츠·레저용품,소계,면세점,0,0,0,0,0,0,0,0,0,0,0,0,0,0,0,0,-,-,-
"기타","소계","소계",스포츠·레저용품,소계,면세점 이외,154,143,93,132,103,143,218,291,296,150,138,241,180,83,68,174,-,-,-
"기타","소계","소계",화장품,소계,계,25189,27862,21820,17315,24692,10135,9015,7868,7790,7479,4586,4530,2405,3395,481,667,-,-,-
"기타","소계","소계",화장품,소계,면세점,21191,23694,18620,12513,14670,8426,6641,6401,6451,6118,3425,2990,996,2793,67,41,-,-,-
"기타","소계","소계",화장품,소계,면세점 이외,3998,4168,3200,4802,10022,1709,2374,1467,1339,1361,1161,1540,1409,602,414,626,-,-,-
"기타","소계","소계",아동·유아용품,소계,계,229,186,95,193,147,285,627,589,996,659,918,750,1203,1034,497,484,-,-,-
"기타","소계","소계",아동·유아용품,소계,면세점,0,4,4,6,2,0,0,0,0,0,0,0,0,1,0,0,-,-,-
"기타","소계","소계",아동·유아용품,소계,면세점 이외,229,182,91,187,145,285,627,589,996,659,918,750,1203,1033,497,484,-,-,-
"기타","소계","소계",음·식료품,소계,계,335,322,184,319,1406,122,49,92,87,88,72,41,177,11,20,22,-,-,-
"기타","소계","소계",음·식료품,소계,면세점,84,73,59,142,36,5,15,17,17,6,4,12,19,9,13,19,-,-,-
"기타","소계","소계",음·식료품,소계,면세점 이외,251,249,125,177,1370,117,34,75,70,82,68,29,158,2,7,3,-,-,-
"기타","소계","소계",농축수산물,소계,계,0,0,0,2,2,3,1,3,1,0,0,0,10,0,0,0,-,-,-
"기타","소계","소계",농축수산물,소계,면세점,0,0,0,0,0,0,0,0,0,0,0,0,0,0,0,0,-,-,-
"기타","소계","소계",농축수산물,소계,면세점 이외,0,0,0,2,2,3,1,3,1,0,0,0,10,0,0,0,-,-,-
"기타","소계","소계",생활·자동차용품,소계,계,465,488,308,531,384,334,354,392,343,300,381,1081,268,168,83,61,-,-,-
"기타","소계","소계",생활·자동차용품,소계,면세점,0,0,0,0,0,0,0,0,0,0,0,0,0,0,0,0,-,-,-
"기타","소계","소계",생활·자동차용품,소계,면세점 이외,465,488,308,531,384,334,354,392,343,300,381,1081,268,168,83,61,-,-,-
"기타","소계","소계",기 타,소계,계,711,689,469,1094,939,710,826,870,870,1278,1154,1076,2325,725,336,215,-,-,-
"기타","소계","소계",기 타,소계,면세점,0,1,0,1,0,0,0,0,0,0,0,0,0,0,0,0,-,-,-
"기타","소계","소계",기 타,소계,면세점 이외,711,688,469,1093,939,710,826,870,870,1278,1154,1076,2325,725,336,215,-,-,-
